File number,URL,Total values' sum,Rank
1,https://gateway.pinata.cloud/ipfs/QmWZZZFgcjJEN2CAoGmWcBBUu9rgYZCWX9BrWuhzUHfWaL/1,241,227
2,https://gateway.pinata.cloud/ipfs/QmWZZZFgcjJEN2CAoGmWcBBUu9rgYZCWX9BrWuhzUHfWaL/2,239,264
3,https://gateway.pinata.cloud/ipfs/QmWZZZFgcjJEN2CAoGmWcBBUu9rgYZCWX9BrWuhzUHfWaL/3,221,749
4,https://gateway.pinata.cloud/ipfs/QmWZZZFgcjJEN2CAoGmWcBBUu9rgYZCWX9BrWuhzUHfWaL/4,228,535
5,https://gateway.pinata.cloud/ipfs/QmWZZZFgcjJEN2CAoGmWcBBUu9rgYZCWX9BrWuhzUHfWaL/5,244,177
6,https://gateway.pinata.cloud/ipfs/QmWZZZFgcjJEN2CAoGmWcBBUu9rgYZCWX9BrWuhzUHfWaL/6,242,206
7,https://gateway.pinata.cloud/ipfs/QmWZZZFgcjJEN2CAoGmWcBBUu9rgYZCWX9BrWuhzUHfWaL/7,237,306
8,https://gateway.pinata.cloud/ipfs/QmWZZZFgcjJEN2CAoGmWcBBUu9rgYZCWX9BrWuhzUHfWaL/8,232,419
9,https://gateway.pinata.cloud/ipfs/QmWZZZFgcjJEN2CAoGmWcBBUu9rgYZCWX9BrWuhzUHfWaL/9,206,980
10,https://gateway.pinata.cloud/ipfs/QmWZZZFgcjJEN2CAoGmWcBBUu9rgYZCWX9BrWuhzUHfWaL/10,229,506
11,https://gateway.pinata.cloud/ipfs/QmWZZZFgcjJEN2CAoGmWcBBUu9rgYZCWX9BrWuhzUHfWaL/11,231,457
12,https://gateway.pinata.cloud/ipfs/QmWZZZFgcjJEN2CAoGmWcBBUu9rgYZCWX9BrWuhzUHfWaL/12,224,647
13,https://gateway.pinata.cloud/ipfs/QmWZZZFgcjJEN2CAoGmWcBBUu9rgYZCWX9BrWuhzUHfWaL/13,216,858
14,https://gateway.pinata.cloud/ipfs/QmWZZZFgcjJEN2CAoGmWcBBUu9rgYZCWX9BrWuhzUHfWaL/14,232,420
15,https://gateway.pinata.cloud/ipfs/QmWZZZFgcjJEN2CAoGmWcBBUu9rgYZCWX9BrWuhzUHfWaL/15,219,801
16,https://gateway.pinata.cloud/ipfs/QmWZZZFgcjJEN2CAoGmWcBBUu9rgYZCWX9BrWuhzUHfWaL/16,236,332
17,https://gateway.pinata.cloud/ipfs/QmWZZZFgcjJEN2CAoGmWcBBUu9rgYZCWX9BrWuhzUHfWaL/17,242,207
18,https://gateway.pinata.cloud/ipfs/QmWZZZFgcjJEN2CAoGmWcBBUu9rgYZCWX9BrWuhzUHfWaL/18,260,50
19,https://gateway.pinata.cloud/ipfs/QmWZZZFgcjJEN2CAoGmWcBBUu9rgYZCWX9BrWuhzUHfWaL/19,226,593
20,https://gateway.pinata.cloud/ipfs/QmWZZZFgcjJEN2CAoGmWcBBUu9rgYZCWX9BrWuhzUHfWaL/20,250,122
21,https://gateway.pinata.cloud/ipfs/QmWZZZFgcjJEN2CAoGmWcBBUu9rgYZCWX9BrWuhzUHfWaL/21,211,935
22,https://gateway.pinata.cloud/ipfs/QmWZZZFgcjJEN2CAoGmWcBBUu9rgYZCWX9BrWuhzUHfWaL/22,235,353
23,https://gateway.pinata.cloud/ipfs/QmWZZZFgcjJEN2CAoGmWcBBUu9rgYZCWX9BrWuhzUHfWaL/23,233,393
24,https://gateway.pinata.cloud/ipfs/QmWZZZFgcjJEN2CAoGmWcBBUu9rgYZCWX9BrWuhzUHfWaL/24,221,750
25,https://gateway.pinata.cloud/ipfs/QmWZZZFgcjJEN2CAoGmWcBBUu9rgYZCWX9BrWuhzUHfWaL/25,234,377
26,https://gateway.pinata.cloud/ipfs/QmWZZZFgcjJEN2CAoGmWcBBUu9rgYZCWX9BrWuhzUHfWaL/26,238,278
27,https://gateway.pinata.cloud/ipfs/QmWZZZFgcjJEN2CAoGmWcBBUu9rgYZCWX9BrWuhzUHfWaL/27,242,208
28,https://gateway.pinata.cloud/ipfs/QmWZZZFgcjJEN2CAoGmWcBBUu9rgYZCWX9BrWuhzUHfWaL/28,228,536
29,https://gateway.pinata.cloud/ipfs/QmWZZZFgcjJEN2CAoGmWcBBUu9rgYZCWX9BrWuhzUHfWaL/29,228,537
30,https://gateway.pinata.cloud/ipfs/QmWZZZFgcjJEN2CAoGmWcBBUu9rgYZCWX9BrWuhzUHfWaL/30,219,802
31,https://gateway.pinata.cloud/ipfs/QmWZZZFgcjJEN2CAoGmWcBBUu9rgYZCWX9BrWuhzUHfWaL/31,222,712
32,https://gateway.pinata.cloud/ipfs/QmWZZZFgcjJEN2CAoGmWcBBUu9rgYZCWX9BrWuhzUHfWaL/32,263,37
33,https://gateway.pinata.cloud/ipfs/QmWZZZFgcjJEN2CAoGmWcBBUu9rgYZCWX9BrWuhzUHfWaL/33,249,133
34,https://gateway.pinata.cloud/ipfs/QmWZZZFgcjJEN2CAoGmWcBBUu9rgYZCWX9BrWuhzUHfWaL/34,248,144
35,https://gateway.pinata.cloud/ipfs/QmWZZZFgcjJEN2CAoGmWcBBUu9rgYZCWX9BrWuhzUHfWaL/35,237,307
36,https://gateway.pinata.cloud/ipfs/QmWZZZFgcjJEN2CAoGmWcBBUu9rgYZCWX9BrWuhzUHfWaL/36,245,165
37,https://gateway.pinata.cloud/ipfs/QmWZZZFgcjJEN2CAoGmWcBBUu9rgYZCWX9BrWuhzUHfWaL/37,231,458
38,https://gateway.pinata.cloud/ipfs/QmWZZZFgcjJEN2CAoGmWcBBUu9rgYZCWX9BrWuhzUHfWaL/38,244,178
39,https://gateway.pinata.cloud/ipfs/QmWZZZFgcjJEN2CAoGmWcBBUu9rgYZCWX9BrWuhzUHfWaL/39,211,936
40,https://gateway.pinata.cloud/ipfs/QmWZZZFgcjJEN2CAoGmWcBBUu9rgYZCWX9BrWuhzUHfWaL/40,213,909
41,https://gateway.pinata.cloud/ipfs/QmWZZZFgcjJEN2CAoGmWcBBUu9rgYZCWX9BrWuhzUHfWaL/41,211,937
42,https://gateway.pinata.cloud/ipfs/QmWZZZFgcjJEN2CAoGmWcBBUu9rgYZCWX9BrWuhzUHfWaL/42,237,308
43,https://gateway.pinata.cloud/ipfs/QmWZZZFgcjJEN2CAoGmWcBBUu9rgYZCWX9BrWuhzUHfWaL/43,239,265
44,https://gateway.pinata.cloud/ipfs/QmWZZZFgcjJEN2CAoGmWcBBUu9rgYZCWX9BrWuhzUHfWaL/44,234,378
45,https://gateway.pinata.cloud/ipfs/QmWZZZFgcjJEN2CAoGmWcBBUu9rgYZCWX9BrWuhzUHfWaL/45,231,459
46,https://gateway.pinata.cloud/ipfs/QmWZZZFgcjJEN2CAoGmWcBBUu9rgYZCWX9BrWuhzUHfWaL/46,247,150
47,https://gateway.pinata.cloud/ipfs/QmWZZZFgcjJEN2CAoGmWcBBUu9rgYZCWX9BrWuhzUHfWaL/47,224,648
48,https://gateway.pinata.cloud/ipfs/QmWZZZFgcjJEN2CAoGmWcBBUu9rgYZCWX9BrWuhzUHfWaL/48,222,713
49,https://gateway.pinata.cloud/ipfs/QmWZZZFgcjJEN2CAoGmWcBBUu9rgYZCWX9BrWuhzUHfWaL/49,212,925
50,https://gateway.pinata.cloud/ipfs/QmWZZZFgcjJEN2CAoGmWcBBUu9rgYZCWX9BrWuhzUHfWaL/50,235,354
51,https://gateway.pinata.cloud/ipfs/QmWZZZFgcjJEN2CAoGmWcBBUu9rgYZCWX9BrWuhzUHfWaL/51,234,379
52,https://gateway.pinata.cloud/ipfs/QmWZZZFgcjJEN2CAoGmWcBBUu9rgYZCWX9BrWuhzUHfWaL/52,224,649
53,https://gateway.pinata.cloud/ipfs/QmWZZZFgcjJEN2CAoGmWcBBUu9rgYZCWX9BrWuhzUHfWaL/53,225,623
54,https://gateway.pinata.cloud/ipfs/QmWZZZFgcjJEN2CAoGmWcBBUu9rgYZCWX9BrWuhzUHfWaL/54,219,803
55,https://gateway.pinata.cloud/ipfs/QmWZZZFgcjJEN2CAoGmWcBBUu9rgYZCWX9BrWuhzUHfWaL/55,215,878
56,https://gateway.pinata.cloud/ipfs/QmWZZZFgcjJEN2CAoGmWcBBUu9rgYZCWX9BrWuhzUHfWaL/56,220,779
57,https://gateway.pinata.cloud/ipfs/QmWZZZFgcjJEN2CAoGmWcBBUu9rgYZCWX9BrWuhzUHfWaL/57,248,145
58,https://gateway.pinata.cloud/ipfs/QmWZZZFgcjJEN2CAoGmWcBBUu9rgYZCWX9BrWuhzUHfWaL/58,230,487
59,https://gateway.pinata.cloud/ipfs/QmWZZZFgcjJEN2CAoGmWcBBUu9rgYZCWX9BrWuhzUHfWaL/59,217,832
60,https://gateway.pinata.cloud/ipfs/QmWZZZFgcjJEN2CAoGmWcBBUu9rgYZCWX9BrWuhzUHfWaL/60,229,507
61,https://gateway.pinata.cloud/ipfs/QmWZZZFgcjJEN2CAoGmWcBBUu9rgYZCWX9BrWuhzUHfWaL/61,244,179
62,https://gateway.pinata.cloud/ipfs/QmWZZZFgcjJEN2CAoGmWcBBUu9rgYZCWX9BrWuhzUHfWaL/62,265,24
63,https://gateway.pinata.cloud/ipfs/QmWZZZFgcjJEN2CAoGmWcBBUu9rgYZCWX9BrWuhzUHfWaL/63,218,820
64,https://gateway.pinata.cloud/ipfs/QmWZZZFgcjJEN2CAoGmWcBBUu9rgYZCWX9BrWuhzUHfWaL/64,257,64
65,https://gateway.pinata.cloud/ipfs/QmWZZZFgcjJEN2CAoGmWcBBUu9rgYZCWX9BrWuhzUHfWaL/65,240,246
66,https://gateway.pinata.cloud/ipfs/QmWZZZFgcjJEN2CAoGmWcBBUu9rgYZCWX9BrWuhzUHfWaL/66,243,190
67,https://gateway.pinata.cloud/ipfs/QmWZZZFgcjJEN2CAoGmWcBBUu9rgYZCWX9BrWuhzUHfWaL/67,241,228
68,https://gateway.pinata.cloud/ipfs/QmWZZZFgcjJEN2CAoGmWcBBUu9rgYZCWX9BrWuhzUHfWaL/68,236,333
69,https://gateway.pinata.cloud/ipfs/QmWZZZFgcjJEN2CAoGmWcBBUu9rgYZCWX9BrWuhzUHfWaL/69,228,538
70,https://gateway.pinata.cloud/ipfs/QmWZZZFgcjJEN2CAoGmWcBBUu9rgYZCWX9BrWuhzUHfWaL/70,214,893
71,https://gateway.pinata.cloud/ipfs/QmWZZZFgcjJEN2CAoGmWcBBUu9rgYZCWX9BrWuhzUHfWaL/71,239,266
72,https://gateway.pinata.cloud/ipfs/QmWZZZFgcjJEN2CAoGmWcBBUu9rgYZCWX9BrWuhzUHfWaL/72,241,229
73,https://gateway.pinata.cloud/ipfs/QmWZZZFgcjJEN2CAoGmWcBBUu9rgYZCWX9BrWuhzUHfWaL/73,231,460
74,https://gateway.pinata.cloud/ipfs/QmWZZZFgcjJEN2CAoGmWcBBUu9rgYZCWX9BrWuhzUHfWaL/74,222,714
75,https://gateway.pinata.cloud/ipfs/QmWZZZFgcjJEN2CAoGmWcBBUu9rgYZCWX9BrWuhzUHfWaL/75,205,987
76,https://gateway.pinata.cloud/ipfs/QmWZZZFgcjJEN2CAoGmWcBBUu9rgYZCWX9BrWuhzUHfWaL/76,266,22
77,https://gateway.pinata.cloud/ipfs/QmWZZZFgcjJEN2CAoGmWcBBUu9rgYZCWX9BrWuhzUHfWaL/77,222,715
78,https://gateway.pinata.cloud/ipfs/QmWZZZFgcjJEN2CAoGmWcBBUu9rgYZCWX9BrWuhzUHfWaL/78,226,594
79,https://gateway.pinata.cloud/ipfs/QmWZZZFgcjJEN2CAoGmWcBBUu9rgYZCWX9BrWuhzUHfWaL/79,225,624
80,https://gateway.pinata.cloud/ipfs/QmWZZZFgcjJEN2CAoGmWcBBUu9rgYZCWX9BrWuhzUHfWaL/80,245,166
81,https://gateway.pinata.cloud/ipfs/QmWZZZFgcjJEN2CAoGmWcBBUu9rgYZCWX9BrWuhzUHfWaL/81,229,508
82,https://gateway.pinata.cloud/ipfs/QmWZZZFgcjJEN2CAoGmWcBBUu9rgYZCWX9BrWuhzUHfWaL/82,223,674
83,https://gateway.pinata.cloud/ipfs/QmWZZZFgcjJEN2CAoGmWcBBUu9rgYZCWX9BrWuhzUHfWaL/83,217,833
84,https://gateway.pinata.cloud/ipfs/QmWZZZFgcjJEN2CAoGmWcBBUu9rgYZCWX9BrWuhzUHfWaL/84,214,894
85,https://gateway.pinata.cloud/ipfs/QmWZZZFgcjJEN2CAoGmWcBBUu9rgYZCWX9BrWuhzUHfWaL/85,239,267
86,https://gateway.pinata.cloud/ipfs/QmWZZZFgcjJEN2CAoGmWcBBUu9rgYZCWX9BrWuhzUHfWaL/86,238,279
87,https://gateway.pinata.cloud/ipfs/QmWZZZFgcjJEN2CAoGmWcBBUu9rgYZCWX9BrWuhzUHfWaL/87,217,834
88,https://gateway.pinata.cloud/ipfs/QmWZZZFgcjJEN2CAoGmWcBBUu9rgYZCWX9BrWuhzUHfWaL/88,233,394
89,https://gateway.pinata.cloud/ipfs/QmWZZZFgcjJEN2CAoGmWcBBUu9rgYZCWX9BrWuhzUHfWaL/89,209,956
90,https://gateway.pinata.cloud/ipfs/QmWZZZFgcjJEN2CAoGmWcBBUu9rgYZCWX9BrWuhzUHfWaL/90,240,247
91,https://gateway.pinata.cloud/ipfs/QmWZZZFgcjJEN2CAoGmWcBBUu9rgYZCWX9BrWuhzUHfWaL/91,238,280
92,https://gateway.pinata.cloud/ipfs/QmWZZZFgcjJEN2CAoGmWcBBUu9rgYZCWX9BrWuhzUHfWaL/92,227,563
93,https://gateway.pinata.cloud/ipfs/QmWZZZFgcjJEN2CAoGmWcBBUu9rgYZCWX9BrWuhzUHfWaL/93,243,191
94,https://gateway.pinata.cloud/ipfs/QmWZZZFgcjJEN2CAoGmWcBBUu9rgYZCWX9BrWuhzUHfWaL/94,226,595
95,https://gateway.pinata.cloud/ipfs/QmWZZZFgcjJEN2CAoGmWcBBUu9rgYZCWX9BrWuhzUHfWaL/95,217,835
96,https://gateway.pinata.cloud/ipfs/QmWZZZFgcjJEN2CAoGmWcBBUu9rgYZCWX9BrWuhzUHfWaL/96,249,134
97,https://gateway.pinata.cloud/ipfs/QmWZZZFgcjJEN2CAoGmWcBBUu9rgYZCWX9BrWuhzUHfWaL/97,246,156
98,https://gateway.pinata.cloud/ipfs/QmWZZZFgcjJEN2CAoGmWcBBUu9rgYZCWX9BrWuhzUHfWaL/98,210,948
99,https://gateway.pinata.cloud/ipfs/QmWZZZFgcjJEN2CAoGmWcBBUu9rgYZCWX9BrWuhzUHfWaL/99,235,355
100,https://gateway.pinata.cloud/ipfs/QmWZZZFgcjJEN2CAoGmWcBBUu9rgYZCWX9BrWuhzUHfWaL/100,246,157
101,https://gateway.pinata.cloud/ipfs/QmWZZZFgcjJEN2CAoGmWcBBUu9rgYZCWX9BrWuhzUHfWaL/101,245,167
102,https://gateway.pinata.cloud/ipfs/QmWZZZFgcjJEN2CAoGmWcBBUu9rgYZCWX9BrWuhzUHfWaL/102,254,88
103,https://gateway.pinata.cloud/ipfs/QmWZZZFgcjJEN2CAoGmWcBBUu9rgYZCWX9BrWuhzUHfWaL/103,206,981
104,https://gateway.pinata.cloud/ipfs/QmWZZZFgcjJEN2CAoGmWcBBUu9rgYZCWX9BrWuhzUHfWaL/104,230,488
105,https://gateway.pinata.cloud/ipfs/QmWZZZFgcjJEN2CAoGmWcBBUu9rgYZCWX9BrWuhzUHfWaL/105,232,421
106,https://gateway.pinata.cloud/ipfs/QmWZZZFgcjJEN2CAoGmWcBBUu9rgYZCWX9BrWuhzUHfWaL/106,213,910
107,https://gateway.pinata.cloud/ipfs/QmWZZZFgcjJEN2CAoGmWcBBUu9rgYZCWX9BrWuhzUHfWaL/107,233,395
108,https://gateway.pinata.cloud/ipfs/QmWZZZFgcjJEN2CAoGmWcBBUu9rgYZCWX9BrWuhzUHfWaL/108,229,509
109,https://gateway.pinata.cloud/ipfs/QmWZZZFgcjJEN2CAoGmWcBBUu9rgYZCWX9BrWuhzUHfWaL/109,238,281
110,https://gateway.pinata.cloud/ipfs/QmWZZZFgcjJEN2CAoGmWcBBUu9rgYZCWX9BrWuhzUHfWaL/110,257,65
111,https://gateway.pinata.cloud/ipfs/QmWZZZFgcjJEN2CAoGmWcBBUu9rgYZCWX9BrWuhzUHfWaL/111,255,80
112,https://gateway.pinata.cloud/ipfs/QmWZZZFgcjJEN2CAoGmWcBBUu9rgYZCWX9BrWuhzUHfWaL/112,241,230
113,https://gateway.pinata.cloud/ipfs/QmWZZZFgcjJEN2CAoGmWcBBUu9rgYZCWX9BrWuhzUHfWaL/113,221,751
114,https://gateway.pinata.cloud/ipfs/QmWZZZFgcjJEN2CAoGmWcBBUu9rgYZCWX9BrWuhzUHfWaL/114,226,596
115,https://gateway.pinata.cloud/ipfs/QmWZZZFgcjJEN2CAoGmWcBBUu9rgYZCWX9BrWuhzUHfWaL/115,224,650
116,https://gateway.pinata.cloud/ipfs/QmWZZZFgcjJEN2CAoGmWcBBUu9rgYZCWX9BrWuhzUHfWaL/116,251,117
117,https://gateway.pinata.cloud/ipfs/QmWZZZFgcjJEN2CAoGmWcBBUu9rgYZCWX9BrWuhzUHfWaL/117,223,675
118,https://gateway.pinata.cloud/ipfs/QmWZZZFgcjJEN2CAoGmWcBBUu9rgYZCWX9BrWuhzUHfWaL/118,223,676
119,https://gateway.pinata.cloud/ipfs/QmWZZZFgcjJEN2CAoGmWcBBUu9rgYZCWX9BrWuhzUHfWaL/119,231,461
120,https://gateway.pinata.cloud/ipfs/QmWZZZFgcjJEN2CAoGmWcBBUu9rgYZCWX9BrWuhzUHfWaL/120,212,926
121,https://gateway.pinata.cloud/ipfs/QmWZZZFgcjJEN2CAoGmWcBBUu9rgYZCWX9BrWuhzUHfWaL/121,238,282
122,https://gateway.pinata.cloud/ipfs/QmWZZZFgcjJEN2CAoGmWcBBUu9rgYZCWX9BrWuhzUHfWaL/122,224,651
123,https://gateway.pinata.cloud/ipfs/QmWZZZFgcjJEN2CAoGmWcBBUu9rgYZCWX9BrWuhzUHfWaL/123,258,62
124,https://gateway.pinata.cloud/ipfs/QmWZZZFgcjJEN2CAoGmWcBBUu9rgYZCWX9BrWuhzUHfWaL/124,215,879
125,https://gateway.pinata.cloud/ipfs/QmWZZZFgcjJEN2CAoGmWcBBUu9rgYZCWX9BrWuhzUHfWaL/125,249,135
126,https://gateway.pinata.cloud/ipfs/QmWZZZFgcjJEN2CAoGmWcBBUu9rgYZCWX9BrWuhzUHfWaL/126,238,283
127,https://gateway.pinata.cloud/ipfs/QmWZZZFgcjJEN2CAoGmWcBBUu9rgYZCWX9BrWuhzUHfWaL/127,223,677
128,https://gateway.pinata.cloud/ipfs/QmWZZZFgcjJEN2CAoGmWcBBUu9rgYZCWX9BrWuhzUHfWaL/128,232,422
129,https://gateway.pinata.cloud/ipfs/QmWZZZFgcjJEN2CAoGmWcBBUu9rgYZCWX9BrWuhzUHfWaL/129,253,100
130,https://gateway.pinata.cloud/ipfs/QmWZZZFgcjJEN2CAoGmWcBBUu9rgYZCWX9BrWuhzUHfWaL/130,261,48
131,https://gateway.pinata.cloud/ipfs/QmWZZZFgcjJEN2CAoGmWcBBUu9rgYZCWX9BrWuhzUHfWaL/131,230,489
132,https://gateway.pinata.cloud/ipfs/QmWZZZFgcjJEN2CAoGmWcBBUu9rgYZCWX9BrWuhzUHfWaL/132,221,752
133,https://gateway.pinata.cloud/ipfs/QmWZZZFgcjJEN2CAoGmWcBBUu9rgYZCWX9BrWuhzUHfWaL/133,226,597
134,https://gateway.pinata.cloud/ipfs/QmWZZZFgcjJEN2CAoGmWcBBUu9rgYZCWX9BrWuhzUHfWaL/134,245,168
135,https://gateway.pinata.cloud/ipfs/QmWZZZFgcjJEN2CAoGmWcBBUu9rgYZCWX9BrWuhzUHfWaL/135,258,63
136,https://gateway.pinata.cloud/ipfs/QmWZZZFgcjJEN2CAoGmWcBBUu9rgYZCWX9BrWuhzUHfWaL/136,222,716
137,https://gateway.pinata.cloud/ipfs/QmWZZZFgcjJEN2CAoGmWcBBUu9rgYZCWX9BrWuhzUHfWaL/137,257,66
138,https://gateway.pinata.cloud/ipfs/QmWZZZFgcjJEN2CAoGmWcBBUu9rgYZCWX9BrWuhzUHfWaL/138,216,859
139,https://gateway.pinata.cloud/ipfs/QmWZZZFgcjJEN2CAoGmWcBBUu9rgYZCWX9BrWuhzUHfWaL/139,241,231
140,https://gateway.pinata.cloud/ipfs/QmWZZZFgcjJEN2CAoGmWcBBUu9rgYZCWX9BrWuhzUHfWaL/140,212,927
141,https://gateway.pinata.cloud/ipfs/QmWZZZFgcjJEN2CAoGmWcBBUu9rgYZCWX9BrWuhzUHfWaL/141,243,192
142,https://gateway.pinata.cloud/ipfs/QmWZZZFgcjJEN2CAoGmWcBBUu9rgYZCWX9BrWuhzUHfWaL/142,229,510
143,https://gateway.pinata.cloud/ipfs/QmWZZZFgcjJEN2CAoGmWcBBUu9rgYZCWX9BrWuhzUHfWaL/143,222,717
144,https://gateway.pinata.cloud/ipfs/QmWZZZFgcjJEN2CAoGmWcBBUu9rgYZCWX9BrWuhzUHfWaL/144,212,928
145,https://gateway.pinata.cloud/ipfs/QmWZZZFgcjJEN2CAoGmWcBBUu9rgYZCWX9BrWuhzUHfWaL/145,220,780
146,https://gateway.pinata.cloud/ipfs/QmWZZZFgcjJEN2CAoGmWcBBUu9rgYZCWX9BrWuhzUHfWaL/146,217,836
147,https://gateway.pinata.cloud/ipfs/QmWZZZFgcjJEN2CAoGmWcBBUu9rgYZCWX9BrWuhzUHfWaL/147,265,25
148,https://gateway.pinata.cloud/ipfs/QmWZZZFgcjJEN2CAoGmWcBBUu9rgYZCWX9BrWuhzUHfWaL/148,218,821
149,https://gateway.pinata.cloud/ipfs/QmWZZZFgcjJEN2CAoGmWcBBUu9rgYZCWX9BrWuhzUHfWaL/149,223,678
150,https://gateway.pinata.cloud/ipfs/QmWZZZFgcjJEN2CAoGmWcBBUu9rgYZCWX9BrWuhzUHfWaL/150,233,396
151,https://gateway.pinata.cloud/ipfs/QmWZZZFgcjJEN2CAoGmWcBBUu9rgYZCWX9BrWuhzUHfWaL/151,224,652
152,https://gateway.pinata.cloud/ipfs/QmWZZZFgcjJEN2CAoGmWcBBUu9rgYZCWX9BrWuhzUHfWaL/152,222,718
153,https://gateway.pinata.cloud/ipfs/QmWZZZFgcjJEN2CAoGmWcBBUu9rgYZCWX9BrWuhzUHfWaL/153,221,753
154,https://gateway.pinata.cloud/ipfs/QmWZZZFgcjJEN2CAoGmWcBBUu9rgYZCWX9BrWuhzUHfWaL/154,246,158
155,https://gateway.pinata.cloud/ipfs/QmWZZZFgcjJEN2CAoGmWcBBUu9rgYZCWX9BrWuhzUHfWaL/155,234,380
156,https://gateway.pinata.cloud/ipfs/QmWZZZFgcjJEN2CAoGmWcBBUu9rgYZCWX9BrWuhzUHfWaL/156,238,284
157,https://gateway.pinata.cloud/ipfs/QmWZZZFgcjJEN2CAoGmWcBBUu9rgYZCWX9BrWuhzUHfWaL/157,223,679
158,https://gateway.pinata.cloud/ipfs/QmWZZZFgcjJEN2CAoGmWcBBUu9rgYZCWX9BrWuhzUHfWaL/158,233,397
159,https://gateway.pinata.cloud/ipfs/QmWZZZFgcjJEN2CAoGmWcBBUu9rgYZCWX9BrWuhzUHfWaL/159,211,938
160,https://gateway.pinata.cloud/ipfs/QmWZZZFgcjJEN2CAoGmWcBBUu9rgYZCWX9BrWuhzUHfWaL/160,232,423
161,https://gateway.pinata.cloud/ipfs/QmWZZZFgcjJEN2CAoGmWcBBUu9rgYZCWX9BrWuhzUHfWaL/161,215,880
162,https://gateway.pinata.cloud/ipfs/QmWZZZFgcjJEN2CAoGmWcBBUu9rgYZCWX9BrWuhzUHfWaL/162,227,564
163,https://gateway.pinata.cloud/ipfs/QmWZZZFgcjJEN2CAoGmWcBBUu9rgYZCWX9BrWuhzUHfWaL/163,263,38
164,https://gateway.pinata.cloud/ipfs/QmWZZZFgcjJEN2CAoGmWcBBUu9rgYZCWX9BrWuhzUHfWaL/164,221,754
165,https://gateway.pinata.cloud/ipfs/QmWZZZFgcjJEN2CAoGmWcBBUu9rgYZCWX9BrWuhzUHfWaL/165,224,653
166,https://gateway.pinata.cloud/ipfs/QmWZZZFgcjJEN2CAoGmWcBBUu9rgYZCWX9BrWuhzUHfWaL/166,227,565
167,https://gateway.pinata.cloud/ipfs/QmWZZZFgcjJEN2CAoGmWcBBUu9rgYZCWX9BrWuhzUHfWaL/167,256,75
168,https://gateway.pinata.cloud/ipfs/QmWZZZFgcjJEN2CAoGmWcBBUu9rgYZCWX9BrWuhzUHfWaL/168,259,55
169,https://gateway.pinata.cloud/ipfs/QmWZZZFgcjJEN2CAoGmWcBBUu9rgYZCWX9BrWuhzUHfWaL/169,242,209
170,https://gateway.pinata.cloud/ipfs/QmWZZZFgcjJEN2CAoGmWcBBUu9rgYZCWX9BrWuhzUHfWaL/170,224,654
171,https://gateway.pinata.cloud/ipfs/QmWZZZFgcjJEN2CAoGmWcBBUu9rgYZCWX9BrWuhzUHfWaL/171,229,511
172,https://gateway.pinata.cloud/ipfs/QmWZZZFgcjJEN2CAoGmWcBBUu9rgYZCWX9BrWuhzUHfWaL/172,253,101
173,https://gateway.pinata.cloud/ipfs/QmWZZZFgcjJEN2CAoGmWcBBUu9rgYZCWX9BrWuhzUHfWaL/173,236,334
174,https://gateway.pinata.cloud/ipfs/QmWZZZFgcjJEN2CAoGmWcBBUu9rgYZCWX9BrWuhzUHfWaL/174,228,539
175,https://gateway.pinata.cloud/ipfs/QmWZZZFgcjJEN2CAoGmWcBBUu9rgYZCWX9BrWuhzUHfWaL/175,243,193
176,https://gateway.pinata.cloud/ipfs/QmWZZZFgcjJEN2CAoGmWcBBUu9rgYZCWX9BrWuhzUHfWaL/176,233,398
177,https://gateway.pinata.cloud/ipfs/QmWZZZFgcjJEN2CAoGmWcBBUu9rgYZCWX9BrWuhzUHfWaL/177,228,540
178,https://gateway.pinata.cloud/ipfs/QmWZZZFgcjJEN2CAoGmWcBBUu9rgYZCWX9BrWuhzUHfWaL/178,226,598
179,https://gateway.pinata.cloud/ipfs/QmWZZZFgcjJEN2CAoGmWcBBUu9rgYZCWX9BrWuhzUHfWaL/179,241,232
180,https://gateway.pinata.cloud/ipfs/QmWZZZFgcjJEN2CAoGmWcBBUu9rgYZCWX9BrWuhzUHfWaL/180,237,309
181,https://gateway.pinata.cloud/ipfs/QmWZZZFgcjJEN2CAoGmWcBBUu9rgYZCWX9BrWuhzUHfWaL/181,224,655
182,https://gateway.pinata.cloud/ipfs/QmWZZZFgcjJEN2CAoGmWcBBUu9rgYZCWX9BrWuhzUHfWaL/182,237,310
183,https://gateway.pinata.cloud/ipfs/QmWZZZFgcjJEN2CAoGmWcBBUu9rgYZCWX9BrWuhzUHfWaL/183,233,399
184,https://gateway.pinata.cloud/ipfs/QmWZZZFgcjJEN2CAoGmWcBBUu9rgYZCWX9BrWuhzUHfWaL/184,262,44
185,https://gateway.pinata.cloud/ipfs/QmWZZZFgcjJEN2CAoGmWcBBUu9rgYZCWX9BrWuhzUHfWaL/185,249,136
186,https://gateway.pinata.cloud/ipfs/QmWZZZFgcjJEN2CAoGmWcBBUu9rgYZCWX9BrWuhzUHfWaL/186,222,719
187,https://gateway.pinata.cloud/ipfs/QmWZZZFgcjJEN2CAoGmWcBBUu9rgYZCWX9BrWuhzUHfWaL/187,214,895
188,https://gateway.pinata.cloud/ipfs/QmWZZZFgcjJEN2CAoGmWcBBUu9rgYZCWX9BrWuhzUHfWaL/188,280,2
189,https://gateway.pinata.cloud/ipfs/QmWZZZFgcjJEN2CAoGmWcBBUu9rgYZCWX9BrWuhzUHfWaL/189,214,896
190,https://gateway.pinata.cloud/ipfs/QmWZZZFgcjJEN2CAoGmWcBBUu9rgYZCWX9BrWuhzUHfWaL/190,216,860
191,https://gateway.pinata.cloud/ipfs/QmWZZZFgcjJEN2CAoGmWcBBUu9rgYZCWX9BrWuhzUHfWaL/191,230,490
192,https://gateway.pinata.cloud/ipfs/QmWZZZFgcjJEN2CAoGmWcBBUu9rgYZCWX9BrWuhzUHfWaL/192,224,656
193,https://gateway.pinata.cloud/ipfs/QmWZZZFgcjJEN2CAoGmWcBBUu9rgYZCWX9BrWuhzUHfWaL/193,224,657
194,https://gateway.pinata.cloud/ipfs/QmWZZZFgcjJEN2CAoGmWcBBUu9rgYZCWX9BrWuhzUHfWaL/194,207,971
195,https://gateway.pinata.cloud/ipfs/QmWZZZFgcjJEN2CAoGmWcBBUu9rgYZCWX9BrWuhzUHfWaL/195,222,720
196,https://gateway.pinata.cloud/ipfs/QmWZZZFgcjJEN2CAoGmWcBBUu9rgYZCWX9BrWuhzUHfWaL/196,204,990
197,https://gateway.pinata.cloud/ipfs/QmWZZZFgcjJEN2CAoGmWcBBUu9rgYZCWX9BrWuhzUHfWaL/197,214,897
198,https://gateway.pinata.cloud/ipfs/QmWZZZFgcjJEN2CAoGmWcBBUu9rgYZCWX9BrWuhzUHfWaL/198,229,512
199,https://gateway.pinata.cloud/ipfs/QmWZZZFgcjJEN2CAoGmWcBBUu9rgYZCWX9BrWuhzUHfWaL/199,234,381
200,https://gateway.pinata.cloud/ipfs/QmWZZZFgcjJEN2CAoGmWcBBUu9rgYZCWX9BrWuhzUHfWaL/200,252,110
201,https://gateway.pinata.cloud/ipfs/QmWZZZFgcjJEN2CAoGmWcBBUu9rgYZCWX9BrWuhzUHfWaL/201,214,898
202,https://gateway.pinata.cloud/ipfs/QmWZZZFgcjJEN2CAoGmWcBBUu9rgYZCWX9BrWuhzUHfWaL/202,214,899
203,https://gateway.pinata.cloud/ipfs/QmWZZZFgcjJEN2CAoGmWcBBUu9rgYZCWX9BrWuhzUHfWaL/203,201,999
204,https://gateway.pinata.cloud/ipfs/QmWZZZFgcjJEN2CAoGmWcBBUu9rgYZCWX9BrWuhzUHfWaL/204,254,89
205,https://gateway.pinata.cloud/ipfs/QmWZZZFgcjJEN2CAoGmWcBBUu9rgYZCWX9BrWuhzUHfWaL/205,232,424
206,https://gateway.pinata.cloud/ipfs/QmWZZZFgcjJEN2CAoGmWcBBUu9rgYZCWX9BrWuhzUHfWaL/206,209,957
207,https://gateway.pinata.cloud/ipfs/QmWZZZFgcjJEN2CAoGmWcBBUu9rgYZCWX9BrWuhzUHfWaL/207,221,755
208,https://gateway.pinata.cloud/ipfs/QmWZZZFgcjJEN2CAoGmWcBBUu9rgYZCWX9BrWuhzUHfWaL/208,210,949
209,https://gateway.pinata.cloud/ipfs/QmWZZZFgcjJEN2CAoGmWcBBUu9rgYZCWX9BrWuhzUHfWaL/209,220,781
210,https://gateway.pinata.cloud/ipfs/QmWZZZFgcjJEN2CAoGmWcBBUu9rgYZCWX9BrWuhzUHfWaL/210,231,462
211,https://gateway.pinata.cloud/ipfs/QmWZZZFgcjJEN2CAoGmWcBBUu9rgYZCWX9BrWuhzUHfWaL/211,238,285
212,https://gateway.pinata.cloud/ipfs/QmWZZZFgcjJEN2CAoGmWcBBUu9rgYZCWX9BrWuhzUHfWaL/212,242,210
213,https://gateway.pinata.cloud/ipfs/QmWZZZFgcjJEN2CAoGmWcBBUu9rgYZCWX9BrWuhzUHfWaL/213,213,911
214,https://gateway.pinata.cloud/ipfs/QmWZZZFgcjJEN2CAoGmWcBBUu9rgYZCWX9BrWuhzUHfWaL/214,223,680
215,https://gateway.pinata.cloud/ipfs/QmWZZZFgcjJEN2CAoGmWcBBUu9rgYZCWX9BrWuhzUHfWaL/215,225,625
216,https://gateway.pinata.cloud/ipfs/QmWZZZFgcjJEN2CAoGmWcBBUu9rgYZCWX9BrWuhzUHfWaL/216,237,311
217,https://gateway.pinata.cloud/ipfs/QmWZZZFgcjJEN2CAoGmWcBBUu9rgYZCWX9BrWuhzUHfWaL/217,233,400
218,https://gateway.pinata.cloud/ipfs/QmWZZZFgcjJEN2CAoGmWcBBUu9rgYZCWX9BrWuhzUHfWaL/218,231,463
219,https://gateway.pinata.cloud/ipfs/QmWZZZFgcjJEN2CAoGmWcBBUu9rgYZCWX9BrWuhzUHfWaL/219,223,681
220,https://gateway.pinata.cloud/ipfs/QmWZZZFgcjJEN2CAoGmWcBBUu9rgYZCWX9BrWuhzUHfWaL/220,243,194
221,https://gateway.pinata.cloud/ipfs/QmWZZZFgcjJEN2CAoGmWcBBUu9rgYZCWX9BrWuhzUHfWaL/221,234,382
222,https://gateway.pinata.cloud/ipfs/QmWZZZFgcjJEN2CAoGmWcBBUu9rgYZCWX9BrWuhzUHfWaL/222,233,401
223,https://gateway.pinata.cloud/ipfs/QmWZZZFgcjJEN2CAoGmWcBBUu9rgYZCWX9BrWuhzUHfWaL/223,253,102
224,https://gateway.pinata.cloud/ipfs/QmWZZZFgcjJEN2CAoGmWcBBUu9rgYZCWX9BrWuhzUHfWaL/224,232,425
225,https://gateway.pinata.cloud/ipfs/QmWZZZFgcjJEN2CAoGmWcBBUu9rgYZCWX9BrWuhzUHfWaL/225,227,566
226,https://gateway.pinata.cloud/ipfs/QmWZZZFgcjJEN2CAoGmWcBBUu9rgYZCWX9BrWuhzUHfWaL/226,251,118
227,https://gateway.pinata.cloud/ipfs/QmWZZZFgcjJEN2CAoGmWcBBUu9rgYZCWX9BrWuhzUHfWaL/227,245,169
228,https://gateway.pinata.cloud/ipfs/QmWZZZFgcjJEN2CAoGmWcBBUu9rgYZCWX9BrWuhzUHfWaL/228,228,541
229,https://gateway.pinata.cloud/ipfs/QmWZZZFgcjJEN2CAoGmWcBBUu9rgYZCWX9BrWuhzUHfWaL/229,222,721
230,https://gateway.pinata.cloud/ipfs/QmWZZZFgcjJEN2CAoGmWcBBUu9rgYZCWX9BrWuhzUHfWaL/230,207,972
231,https://gateway.pinata.cloud/ipfs/QmWZZZFgcjJEN2CAoGmWcBBUu9rgYZCWX9BrWuhzUHfWaL/231,231,464
232,https://gateway.pinata.cloud/ipfs/QmWZZZFgcjJEN2CAoGmWcBBUu9rgYZCWX9BrWuhzUHfWaL/232,273,9
233,https://gateway.pinata.cloud/ipfs/QmWZZZFgcjJEN2CAoGmWcBBUu9rgYZCWX9BrWuhzUHfWaL/233,219,804
234,https://gateway.pinata.cloud/ipfs/QmWZZZFgcjJEN2CAoGmWcBBUu9rgYZCWX9BrWuhzUHfWaL/234,213,912
235,https://gateway.pinata.cloud/ipfs/QmWZZZFgcjJEN2CAoGmWcBBUu9rgYZCWX9BrWuhzUHfWaL/235,208,963
236,https://gateway.pinata.cloud/ipfs/QmWZZZFgcjJEN2CAoGmWcBBUu9rgYZCWX9BrWuhzUHfWaL/236,209,958
237,https://gateway.pinata.cloud/ipfs/QmWZZZFgcjJEN2CAoGmWcBBUu9rgYZCWX9BrWuhzUHfWaL/237,268,16
238,https://gateway.pinata.cloud/ipfs/QmWZZZFgcjJEN2CAoGmWcBBUu9rgYZCWX9BrWuhzUHfWaL/238,254,90
239,https://gateway.pinata.cloud/ipfs/QmWZZZFgcjJEN2CAoGmWcBBUu9rgYZCWX9BrWuhzUHfWaL/239,265,26
240,https://gateway.pinata.cloud/ipfs/QmWZZZFgcjJEN2CAoGmWcBBUu9rgYZCWX9BrWuhzUHfWaL/240,213,913
241,https://gateway.pinata.cloud/ipfs/QmWZZZFgcjJEN2CAoGmWcBBUu9rgYZCWX9BrWuhzUHfWaL/241,228,542
242,https://gateway.pinata.cloud/ipfs/QmWZZZFgcjJEN2CAoGmWcBBUu9rgYZCWX9BrWuhzUHfWaL/242,211,939
243,https://gateway.pinata.cloud/ipfs/QmWZZZFgcjJEN2CAoGmWcBBUu9rgYZCWX9BrWuhzUHfWaL/243,239,268
244,https://gateway.pinata.cloud/ipfs/QmWZZZFgcjJEN2CAoGmWcBBUu9rgYZCWX9BrWuhzUHfWaL/244,220,782
245,https://gateway.pinata.cloud/ipfs/QmWZZZFgcjJEN2CAoGmWcBBUu9rgYZCWX9BrWuhzUHfWaL/245,230,491
246,https://gateway.pinata.cloud/ipfs/QmWZZZFgcjJEN2CAoGmWcBBUu9rgYZCWX9BrWuhzUHfWaL/246,246,159
247,https://gateway.pinata.cloud/ipfs/QmWZZZFgcjJEN2CAoGmWcBBUu9rgYZCWX9BrWuhzUHfWaL/247,242,211
248,https://gateway.pinata.cloud/ipfs/QmWZZZFgcjJEN2CAoGmWcBBUu9rgYZCWX9BrWuhzUHfWaL/248,228,543
249,https://gateway.pinata.cloud/ipfs/QmWZZZFgcjJEN2CAoGmWcBBUu9rgYZCWX9BrWuhzUHfWaL/249,238,286
250,https://gateway.pinata.cloud/ipfs/QmWZZZFgcjJEN2CAoGmWcBBUu9rgYZCWX9BrWuhzUHfWaL/250,210,950
251,https://gateway.pinata.cloud/ipfs/QmWZZZFgcjJEN2CAoGmWcBBUu9rgYZCWX9BrWuhzUHfWaL/251,228,544
252,https://gateway.pinata.cloud/ipfs/QmWZZZFgcjJEN2CAoGmWcBBUu9rgYZCWX9BrWuhzUHfWaL/252,224,658
253,https://gateway.pinata.cloud/ipfs/QmWZZZFgcjJEN2CAoGmWcBBUu9rgYZCWX9BrWuhzUHfWaL/253,206,982
254,https://gateway.pinata.cloud/ipfs/QmWZZZFgcjJEN2CAoGmWcBBUu9rgYZCWX9BrWuhzUHfWaL/254,237,312
255,https://gateway.pinata.cloud/ipfs/QmWZZZFgcjJEN2CAoGmWcBBUu9rgYZCWX9BrWuhzUHfWaL/255,226,599
256,https://gateway.pinata.cloud/ipfs/QmWZZZFgcjJEN2CAoGmWcBBUu9rgYZCWX9BrWuhzUHfWaL/256,239,269
257,https://gateway.pinata.cloud/ipfs/QmWZZZFgcjJEN2CAoGmWcBBUu9rgYZCWX9BrWuhzUHfWaL/257,238,287
258,https://gateway.pinata.cloud/ipfs/QmWZZZFgcjJEN2CAoGmWcBBUu9rgYZCWX9BrWuhzUHfWaL/258,214,900
259,https://gateway.pinata.cloud/ipfs/QmWZZZFgcjJEN2CAoGmWcBBUu9rgYZCWX9BrWuhzUHfWaL/259,231,465
260,https://gateway.pinata.cloud/ipfs/QmWZZZFgcjJEN2CAoGmWcBBUu9rgYZCWX9BrWuhzUHfWaL/260,237,313
261,https://gateway.pinata.cloud/ipfs/QmWZZZFgcjJEN2CAoGmWcBBUu9rgYZCWX9BrWuhzUHfWaL/261,225,626
262,https://gateway.pinata.cloud/ipfs/QmWZZZFgcjJEN2CAoGmWcBBUu9rgYZCWX9BrWuhzUHfWaL/262,216,861
263,https://gateway.pinata.cloud/ipfs/QmWZZZFgcjJEN2CAoGmWcBBUu9rgYZCWX9BrWuhzUHfWaL/263,244,180
264,https://gateway.pinata.cloud/ipfs/QmWZZZFgcjJEN2CAoGmWcBBUu9rgYZCWX9BrWuhzUHfWaL/264,227,567
265,https://gateway.pinata.cloud/ipfs/QmWZZZFgcjJEN2CAoGmWcBBUu9rgYZCWX9BrWuhzUHfWaL/265,219,805
266,https://gateway.pinata.cloud/ipfs/QmWZZZFgcjJEN2CAoGmWcBBUu9rgYZCWX9BrWuhzUHfWaL/266,235,356
267,https://gateway.pinata.cloud/ipfs/QmWZZZFgcjJEN2CAoGmWcBBUu9rgYZCWX9BrWuhzUHfWaL/267,240,248
268,https://gateway.pinata.cloud/ipfs/QmWZZZFgcjJEN2CAoGmWcBBUu9rgYZCWX9BrWuhzUHfWaL/268,210,951
269,https://gateway.pinata.cloud/ipfs/QmWZZZFgcjJEN2CAoGmWcBBUu9rgYZCWX9BrWuhzUHfWaL/269,233,402
270,https://gateway.pinata.cloud/ipfs/QmWZZZFgcjJEN2CAoGmWcBBUu9rgYZCWX9BrWuhzUHfWaL/270,211,940
271,https://gateway.pinata.cloud/ipfs/QmWZZZFgcjJEN2CAoGmWcBBUu9rgYZCWX9BrWuhzUHfWaL/271,227,568
272,https://gateway.pinata.cloud/ipfs/QmWZZZFgcjJEN2CAoGmWcBBUu9rgYZCWX9BrWuhzUHfWaL/272,211,941
273,https://gateway.pinata.cloud/ipfs/QmWZZZFgcjJEN2CAoGmWcBBUu9rgYZCWX9BrWuhzUHfWaL/273,211,942
274,https://gateway.pinata.cloud/ipfs/QmWZZZFgcjJEN2CAoGmWcBBUu9rgYZCWX9BrWuhzUHfWaL/274,254,91
275,https://gateway.pinata.cloud/ipfs/QmWZZZFgcjJEN2CAoGmWcBBUu9rgYZCWX9BrWuhzUHfWaL/275,204,991
276,https://gateway.pinata.cloud/ipfs/QmWZZZFgcjJEN2CAoGmWcBBUu9rgYZCWX9BrWuhzUHfWaL/276,235,357
277,https://gateway.pinata.cloud/ipfs/QmWZZZFgcjJEN2CAoGmWcBBUu9rgYZCWX9BrWuhzUHfWaL/277,222,722
278,https://gateway.pinata.cloud/ipfs/QmWZZZFgcjJEN2CAoGmWcBBUu9rgYZCWX9BrWuhzUHfWaL/278,219,806
279,https://gateway.pinata.cloud/ipfs/QmWZZZFgcjJEN2CAoGmWcBBUu9rgYZCWX9BrWuhzUHfWaL/279,232,426
280,https://gateway.pinata.cloud/ipfs/QmWZZZFgcjJEN2CAoGmWcBBUu9rgYZCWX9BrWuhzUHfWaL/280,250,123
281,https://gateway.pinata.cloud/ipfs/QmWZZZFgcjJEN2CAoGmWcBBUu9rgYZCWX9BrWuhzUHfWaL/281,234,383
282,https://gateway.pinata.cloud/ipfs/QmWZZZFgcjJEN2CAoGmWcBBUu9rgYZCWX9BrWuhzUHfWaL/282,202,996
283,https://gateway.pinata.cloud/ipfs/QmWZZZFgcjJEN2CAoGmWcBBUu9rgYZCWX9BrWuhzUHfWaL/283,236,335
284,https://gateway.pinata.cloud/ipfs/QmWZZZFgcjJEN2CAoGmWcBBUu9rgYZCWX9BrWuhzUHfWaL/284,248,146
285,https://gateway.pinata.cloud/ipfs/QmWZZZFgcjJEN2CAoGmWcBBUu9rgYZCWX9BrWuhzUHfWaL/285,234,384
286,https://gateway.pinata.cloud/ipfs/QmWZZZFgcjJEN2CAoGmWcBBUu9rgYZCWX9BrWuhzUHfWaL/286,248,147
287,https://gateway.pinata.cloud/ipfs/QmWZZZFgcjJEN2CAoGmWcBBUu9rgYZCWX9BrWuhzUHfWaL/287,225,627
288,https://gateway.pinata.cloud/ipfs/QmWZZZFgcjJEN2CAoGmWcBBUu9rgYZCWX9BrWuhzUHfWaL/288,261,49
289,https://gateway.pinata.cloud/ipfs/QmWZZZFgcjJEN2CAoGmWcBBUu9rgYZCWX9BrWuhzUHfWaL/289,238,288
290,https://gateway.pinata.cloud/ipfs/QmWZZZFgcjJEN2CAoGmWcBBUu9rgYZCWX9BrWuhzUHfWaL/290,264,30
291,https://gateway.pinata.cloud/ipfs/QmWZZZFgcjJEN2CAoGmWcBBUu9rgYZCWX9BrWuhzUHfWaL/291,259,56
292,https://gateway.pinata.cloud/ipfs/QmWZZZFgcjJEN2CAoGmWcBBUu9rgYZCWX9BrWuhzUHfWaL/292,239,270
293,https://gateway.pinata.cloud/ipfs/QmWZZZFgcjJEN2CAoGmWcBBUu9rgYZCWX9BrWuhzUHfWaL/293,222,723
294,https://gateway.pinata.cloud/ipfs/QmWZZZFgcjJEN2CAoGmWcBBUu9rgYZCWX9BrWuhzUHfWaL/294,236,336
295,https://gateway.pinata.cloud/ipfs/QmWZZZFgcjJEN2CAoGmWcBBUu9rgYZCWX9BrWuhzUHfWaL/295,245,170
296,https://gateway.pinata.cloud/ipfs/QmWZZZFgcjJEN2CAoGmWcBBUu9rgYZCWX9BrWuhzUHfWaL/296,249,137
297,https://gateway.pinata.cloud/ipfs/QmWZZZFgcjJEN2CAoGmWcBBUu9rgYZCWX9BrWuhzUHfWaL/297,230,492
298,https://gateway.pinata.cloud/ipfs/QmWZZZFgcjJEN2CAoGmWcBBUu9rgYZCWX9BrWuhzUHfWaL/298,221,756
299,https://gateway.pinata.cloud/ipfs/QmWZZZFgcjJEN2CAoGmWcBBUu9rgYZCWX9BrWuhzUHfWaL/299,249,138
300,https://gateway.pinata.cloud/ipfs/QmWZZZFgcjJEN2CAoGmWcBBUu9rgYZCWX9BrWuhzUHfWaL/300,221,757
301,https://gateway.pinata.cloud/ipfs/QmWZZZFgcjJEN2CAoGmWcBBUu9rgYZCWX9BrWuhzUHfWaL/301,220,783
302,https://gateway.pinata.cloud/ipfs/QmWZZZFgcjJEN2CAoGmWcBBUu9rgYZCWX9BrWuhzUHfWaL/302,231,466
303,https://gateway.pinata.cloud/ipfs/QmWZZZFgcjJEN2CAoGmWcBBUu9rgYZCWX9BrWuhzUHfWaL/303,237,314
304,https://gateway.pinata.cloud/ipfs/QmWZZZFgcjJEN2CAoGmWcBBUu9rgYZCWX9BrWuhzUHfWaL/304,226,600
305,https://gateway.pinata.cloud/ipfs/QmWZZZFgcjJEN2CAoGmWcBBUu9rgYZCWX9BrWuhzUHfWaL/305,242,212
306,https://gateway.pinata.cloud/ipfs/QmWZZZFgcjJEN2CAoGmWcBBUu9rgYZCWX9BrWuhzUHfWaL/306,221,758
307,https://gateway.pinata.cloud/ipfs/QmWZZZFgcjJEN2CAoGmWcBBUu9rgYZCWX9BrWuhzUHfWaL/307,270,13
308,https://gateway.pinata.cloud/ipfs/QmWZZZFgcjJEN2CAoGmWcBBUu9rgYZCWX9BrWuhzUHfWaL/308,247,151
309,https://gateway.pinata.cloud/ipfs/QmWZZZFgcjJEN2CAoGmWcBBUu9rgYZCWX9BrWuhzUHfWaL/309,226,601
310,https://gateway.pinata.cloud/ipfs/QmWZZZFgcjJEN2CAoGmWcBBUu9rgYZCWX9BrWuhzUHfWaL/310,234,385
311,https://gateway.pinata.cloud/ipfs/QmWZZZFgcjJEN2CAoGmWcBBUu9rgYZCWX9BrWuhzUHfWaL/311,217,837
312,https://gateway.pinata.cloud/ipfs/QmWZZZFgcjJEN2CAoGmWcBBUu9rgYZCWX9BrWuhzUHfWaL/312,256,76
313,https://gateway.pinata.cloud/ipfs/QmWZZZFgcjJEN2CAoGmWcBBUu9rgYZCWX9BrWuhzUHfWaL/313,269,15
314,https://gateway.pinata.cloud/ipfs/QmWZZZFgcjJEN2CAoGmWcBBUu9rgYZCWX9BrWuhzUHfWaL/314,216,862
315,https://gateway.pinata.cloud/ipfs/QmWZZZFgcjJEN2CAoGmWcBBUu9rgYZCWX9BrWuhzUHfWaL/315,263,39
316,https://gateway.pinata.cloud/ipfs/QmWZZZFgcjJEN2CAoGmWcBBUu9rgYZCWX9BrWuhzUHfWaL/316,226,602
317,https://gateway.pinata.cloud/ipfs/QmWZZZFgcjJEN2CAoGmWcBBUu9rgYZCWX9BrWuhzUHfWaL/317,271,11
318,https://gateway.pinata.cloud/ipfs/QmWZZZFgcjJEN2CAoGmWcBBUu9rgYZCWX9BrWuhzUHfWaL/318,222,724
319,https://gateway.pinata.cloud/ipfs/QmWZZZFgcjJEN2CAoGmWcBBUu9rgYZCWX9BrWuhzUHfWaL/319,227,569
320,https://gateway.pinata.cloud/ipfs/QmWZZZFgcjJEN2CAoGmWcBBUu9rgYZCWX9BrWuhzUHfWaL/320,217,838
321,https://gateway.pinata.cloud/ipfs/QmWZZZFgcjJEN2CAoGmWcBBUu9rgYZCWX9BrWuhzUHfWaL/321,241,233
322,https://gateway.pinata.cloud/ipfs/QmWZZZFgcjJEN2CAoGmWcBBUu9rgYZCWX9BrWuhzUHfWaL/322,228,545
323,https://gateway.pinata.cloud/ipfs/QmWZZZFgcjJEN2CAoGmWcBBUu9rgYZCWX9BrWuhzUHfWaL/323,232,427
324,https://gateway.pinata.cloud/ipfs/QmWZZZFgcjJEN2CAoGmWcBBUu9rgYZCWX9BrWuhzUHfWaL/324,225,628
325,https://gateway.pinata.cloud/ipfs/QmWZZZFgcjJEN2CAoGmWcBBUu9rgYZCWX9BrWuhzUHfWaL/325,242,213
326,https://gateway.pinata.cloud/ipfs/QmWZZZFgcjJEN2CAoGmWcBBUu9rgYZCWX9BrWuhzUHfWaL/326,215,881
327,https://gateway.pinata.cloud/ipfs/QmWZZZFgcjJEN2CAoGmWcBBUu9rgYZCWX9BrWuhzUHfWaL/327,230,493
328,https://gateway.pinata.cloud/ipfs/QmWZZZFgcjJEN2CAoGmWcBBUu9rgYZCWX9BrWuhzUHfWaL/328,237,315
329,https://gateway.pinata.cloud/ipfs/QmWZZZFgcjJEN2CAoGmWcBBUu9rgYZCWX9BrWuhzUHfWaL/329,230,494
330,https://gateway.pinata.cloud/ipfs/QmWZZZFgcjJEN2CAoGmWcBBUu9rgYZCWX9BrWuhzUHfWaL/330,239,271
331,https://gateway.pinata.cloud/ipfs/QmWZZZFgcjJEN2CAoGmWcBBUu9rgYZCWX9BrWuhzUHfWaL/331,239,272
332,https://gateway.pinata.cloud/ipfs/QmWZZZFgcjJEN2CAoGmWcBBUu9rgYZCWX9BrWuhzUHfWaL/332,245,171
333,https://gateway.pinata.cloud/ipfs/QmWZZZFgcjJEN2CAoGmWcBBUu9rgYZCWX9BrWuhzUHfWaL/333,227,570
334,https://gateway.pinata.cloud/ipfs/QmWZZZFgcjJEN2CAoGmWcBBUu9rgYZCWX9BrWuhzUHfWaL/334,222,725
335,https://gateway.pinata.cloud/ipfs/QmWZZZFgcjJEN2CAoGmWcBBUu9rgYZCWX9BrWuhzUHfWaL/335,226,603
336,https://gateway.pinata.cloud/ipfs/QmWZZZFgcjJEN2CAoGmWcBBUu9rgYZCWX9BrWuhzUHfWaL/336,214,901
337,https://gateway.pinata.cloud/ipfs/QmWZZZFgcjJEN2CAoGmWcBBUu9rgYZCWX9BrWuhzUHfWaL/337,265,27
338,https://gateway.pinata.cloud/ipfs/QmWZZZFgcjJEN2CAoGmWcBBUu9rgYZCWX9BrWuhzUHfWaL/338,232,428
339,https://gateway.pinata.cloud/ipfs/QmWZZZFgcjJEN2CAoGmWcBBUu9rgYZCWX9BrWuhzUHfWaL/339,260,51
340,https://gateway.pinata.cloud/ipfs/QmWZZZFgcjJEN2CAoGmWcBBUu9rgYZCWX9BrWuhzUHfWaL/340,231,467
341,https://gateway.pinata.cloud/ipfs/QmWZZZFgcjJEN2CAoGmWcBBUu9rgYZCWX9BrWuhzUHfWaL/341,235,358
342,https://gateway.pinata.cloud/ipfs/QmWZZZFgcjJEN2CAoGmWcBBUu9rgYZCWX9BrWuhzUHfWaL/342,220,784
343,https://gateway.pinata.cloud/ipfs/QmWZZZFgcjJEN2CAoGmWcBBUu9rgYZCWX9BrWuhzUHfWaL/343,215,882
344,https://gateway.pinata.cloud/ipfs/QmWZZZFgcjJEN2CAoGmWcBBUu9rgYZCWX9BrWuhzUHfWaL/344,226,604
345,https://gateway.pinata.cloud/ipfs/QmWZZZFgcjJEN2CAoGmWcBBUu9rgYZCWX9BrWuhzUHfWaL/345,227,571
346,https://gateway.pinata.cloud/ipfs/QmWZZZFgcjJEN2CAoGmWcBBUu9rgYZCWX9BrWuhzUHfWaL/346,227,572
347,https://gateway.pinata.cloud/ipfs/QmWZZZFgcjJEN2CAoGmWcBBUu9rgYZCWX9BrWuhzUHfWaL/347,209,959
348,https://gateway.pinata.cloud/ipfs/QmWZZZFgcjJEN2CAoGmWcBBUu9rgYZCWX9BrWuhzUHfWaL/348,276,6
349,https://gateway.pinata.cloud/ipfs/QmWZZZFgcjJEN2CAoGmWcBBUu9rgYZCWX9BrWuhzUHfWaL/349,265,28
350,https://gateway.pinata.cloud/ipfs/QmWZZZFgcjJEN2CAoGmWcBBUu9rgYZCWX9BrWuhzUHfWaL/350,239,273
351,https://gateway.pinata.cloud/ipfs/QmWZZZFgcjJEN2CAoGmWcBBUu9rgYZCWX9BrWuhzUHfWaL/351,223,682
352,https://gateway.pinata.cloud/ipfs/QmWZZZFgcjJEN2CAoGmWcBBUu9rgYZCWX9BrWuhzUHfWaL/352,242,214
353,https://gateway.pinata.cloud/ipfs/QmWZZZFgcjJEN2CAoGmWcBBUu9rgYZCWX9BrWuhzUHfWaL/353,203,993
354,https://gateway.pinata.cloud/ipfs/QmWZZZFgcjJEN2CAoGmWcBBUu9rgYZCWX9BrWuhzUHfWaL/354,242,215
355,https://gateway.pinata.cloud/ipfs/QmWZZZFgcjJEN2CAoGmWcBBUu9rgYZCWX9BrWuhzUHfWaL/355,223,683
356,https://gateway.pinata.cloud/ipfs/QmWZZZFgcjJEN2CAoGmWcBBUu9rgYZCWX9BrWuhzUHfWaL/356,230,495
357,https://gateway.pinata.cloud/ipfs/QmWZZZFgcjJEN2CAoGmWcBBUu9rgYZCWX9BrWuhzUHfWaL/357,229,513
358,https://gateway.pinata.cloud/ipfs/QmWZZZFgcjJEN2CAoGmWcBBUu9rgYZCWX9BrWuhzUHfWaL/358,229,514
359,https://gateway.pinata.cloud/ipfs/QmWZZZFgcjJEN2CAoGmWcBBUu9rgYZCWX9BrWuhzUHfWaL/359,238,289
360,https://gateway.pinata.cloud/ipfs/QmWZZZFgcjJEN2CAoGmWcBBUu9rgYZCWX9BrWuhzUHfWaL/360,240,249
361,https://gateway.pinata.cloud/ipfs/QmWZZZFgcjJEN2CAoGmWcBBUu9rgYZCWX9BrWuhzUHfWaL/361,246,160
362,https://gateway.pinata.cloud/ipfs/QmWZZZFgcjJEN2CAoGmWcBBUu9rgYZCWX9BrWuhzUHfWaL/362,264,31
363,https://gateway.pinata.cloud/ipfs/QmWZZZFgcjJEN2CAoGmWcBBUu9rgYZCWX9BrWuhzUHfWaL/363,211,943
364,https://gateway.pinata.cloud/ipfs/QmWZZZFgcjJEN2CAoGmWcBBUu9rgYZCWX9BrWuhzUHfWaL/364,213,914
365,https://gateway.pinata.cloud/ipfs/QmWZZZFgcjJEN2CAoGmWcBBUu9rgYZCWX9BrWuhzUHfWaL/365,221,759
366,https://gateway.pinata.cloud/ipfs/QmWZZZFgcjJEN2CAoGmWcBBUu9rgYZCWX9BrWuhzUHfWaL/366,216,863
367,https://gateway.pinata.cloud/ipfs/QmWZZZFgcjJEN2CAoGmWcBBUu9rgYZCWX9BrWuhzUHfWaL/367,232,429
368,https://gateway.pinata.cloud/ipfs/QmWZZZFgcjJEN2CAoGmWcBBUu9rgYZCWX9BrWuhzUHfWaL/368,242,216
369,https://gateway.pinata.cloud/ipfs/QmWZZZFgcjJEN2CAoGmWcBBUu9rgYZCWX9BrWuhzUHfWaL/369,240,250
370,https://gateway.pinata.cloud/ipfs/QmWZZZFgcjJEN2CAoGmWcBBUu9rgYZCWX9BrWuhzUHfWaL/370,238,290
371,https://gateway.pinata.cloud/ipfs/QmWZZZFgcjJEN2CAoGmWcBBUu9rgYZCWX9BrWuhzUHfWaL/371,213,915
372,https://gateway.pinata.cloud/ipfs/QmWZZZFgcjJEN2CAoGmWcBBUu9rgYZCWX9BrWuhzUHfWaL/372,241,234
373,https://gateway.pinata.cloud/ipfs/QmWZZZFgcjJEN2CAoGmWcBBUu9rgYZCWX9BrWuhzUHfWaL/373,235,359
374,https://gateway.pinata.cloud/ipfs/QmWZZZFgcjJEN2CAoGmWcBBUu9rgYZCWX9BrWuhzUHfWaL/374,235,360
375,https://gateway.pinata.cloud/ipfs/QmWZZZFgcjJEN2CAoGmWcBBUu9rgYZCWX9BrWuhzUHfWaL/375,236,337
376,https://gateway.pinata.cloud/ipfs/QmWZZZFgcjJEN2CAoGmWcBBUu9rgYZCWX9BrWuhzUHfWaL/376,236,338
377,https://gateway.pinata.cloud/ipfs/QmWZZZFgcjJEN2CAoGmWcBBUu9rgYZCWX9BrWuhzUHfWaL/377,233,403
378,https://gateway.pinata.cloud/ipfs/QmWZZZFgcjJEN2CAoGmWcBBUu9rgYZCWX9BrWuhzUHfWaL/378,241,235
379,https://gateway.pinata.cloud/ipfs/QmWZZZFgcjJEN2CAoGmWcBBUu9rgYZCWX9BrWuhzUHfWaL/379,224,659
380,https://gateway.pinata.cloud/ipfs/QmWZZZFgcjJEN2CAoGmWcBBUu9rgYZCWX9BrWuhzUHfWaL/380,212,929
381,https://gateway.pinata.cloud/ipfs/QmWZZZFgcjJEN2CAoGmWcBBUu9rgYZCWX9BrWuhzUHfWaL/381,227,573
382,https://gateway.pinata.cloud/ipfs/QmWZZZFgcjJEN2CAoGmWcBBUu9rgYZCWX9BrWuhzUHfWaL/382,279,4
383,https://gateway.pinata.cloud/ipfs/QmWZZZFgcjJEN2CAoGmWcBBUu9rgYZCWX9BrWuhzUHfWaL/383,237,316
384,https://gateway.pinata.cloud/ipfs/QmWZZZFgcjJEN2CAoGmWcBBUu9rgYZCWX9BrWuhzUHfWaL/384,216,864
385,https://gateway.pinata.cloud/ipfs/QmWZZZFgcjJEN2CAoGmWcBBUu9rgYZCWX9BrWuhzUHfWaL/385,238,291
386,https://gateway.pinata.cloud/ipfs/QmWZZZFgcjJEN2CAoGmWcBBUu9rgYZCWX9BrWuhzUHfWaL/386,233,404
387,https://gateway.pinata.cloud/ipfs/QmWZZZFgcjJEN2CAoGmWcBBUu9rgYZCWX9BrWuhzUHfWaL/387,235,361
388,https://gateway.pinata.cloud/ipfs/QmWZZZFgcjJEN2CAoGmWcBBUu9rgYZCWX9BrWuhzUHfWaL/388,247,152
389,https://gateway.pinata.cloud/ipfs/QmWZZZFgcjJEN2CAoGmWcBBUu9rgYZCWX9BrWuhzUHfWaL/389,237,317
390,https://gateway.pinata.cloud/ipfs/QmWZZZFgcjJEN2CAoGmWcBBUu9rgYZCWX9BrWuhzUHfWaL/390,255,81
391,https://gateway.pinata.cloud/ipfs/QmWZZZFgcjJEN2CAoGmWcBBUu9rgYZCWX9BrWuhzUHfWaL/391,236,339
392,https://gateway.pinata.cloud/ipfs/QmWZZZFgcjJEN2CAoGmWcBBUu9rgYZCWX9BrWuhzUHfWaL/392,254,92
393,https://gateway.pinata.cloud/ipfs/QmWZZZFgcjJEN2CAoGmWcBBUu9rgYZCWX9BrWuhzUHfWaL/393,230,496
394,https://gateway.pinata.cloud/ipfs/QmWZZZFgcjJEN2CAoGmWcBBUu9rgYZCWX9BrWuhzUHfWaL/394,250,124
395,https://gateway.pinata.cloud/ipfs/QmWZZZFgcjJEN2CAoGmWcBBUu9rgYZCWX9BrWuhzUHfWaL/395,229,515
396,https://gateway.pinata.cloud/ipfs/QmWZZZFgcjJEN2CAoGmWcBBUu9rgYZCWX9BrWuhzUHfWaL/396,227,574
397,https://gateway.pinata.cloud/ipfs/QmWZZZFgcjJEN2CAoGmWcBBUu9rgYZCWX9BrWuhzUHfWaL/397,231,468
398,https://gateway.pinata.cloud/ipfs/QmWZZZFgcjJEN2CAoGmWcBBUu9rgYZCWX9BrWuhzUHfWaL/398,277,5
399,https://gateway.pinata.cloud/ipfs/QmWZZZFgcjJEN2CAoGmWcBBUu9rgYZCWX9BrWuhzUHfWaL/399,224,660
400,https://gateway.pinata.cloud/ipfs/QmWZZZFgcjJEN2CAoGmWcBBUu9rgYZCWX9BrWuhzUHfWaL/400,213,916
401,https://gateway.pinata.cloud/ipfs/QmWZZZFgcjJEN2CAoGmWcBBUu9rgYZCWX9BrWuhzUHfWaL/401,257,67
402,https://gateway.pinata.cloud/ipfs/QmWZZZFgcjJEN2CAoGmWcBBUu9rgYZCWX9BrWuhzUHfWaL/402,265,29
403,https://gateway.pinata.cloud/ipfs/QmWZZZFgcjJEN2CAoGmWcBBUu9rgYZCWX9BrWuhzUHfWaL/403,229,516
404,https://gateway.pinata.cloud/ipfs/QmWZZZFgcjJEN2CAoGmWcBBUu9rgYZCWX9BrWuhzUHfWaL/404,241,236
405,https://gateway.pinata.cloud/ipfs/QmWZZZFgcjJEN2CAoGmWcBBUu9rgYZCWX9BrWuhzUHfWaL/405,236,340
406,https://gateway.pinata.cloud/ipfs/QmWZZZFgcjJEN2CAoGmWcBBUu9rgYZCWX9BrWuhzUHfWaL/406,211,944
407,https://gateway.pinata.cloud/ipfs/QmWZZZFgcjJEN2CAoGmWcBBUu9rgYZCWX9BrWuhzUHfWaL/407,216,865
408,https://gateway.pinata.cloud/ipfs/QmWZZZFgcjJEN2CAoGmWcBBUu9rgYZCWX9BrWuhzUHfWaL/408,217,839
409,https://gateway.pinata.cloud/ipfs/QmWZZZFgcjJEN2CAoGmWcBBUu9rgYZCWX9BrWuhzUHfWaL/409,271,12
410,https://gateway.pinata.cloud/ipfs/QmWZZZFgcjJEN2CAoGmWcBBUu9rgYZCWX9BrWuhzUHfWaL/410,212,930
411,https://gateway.pinata.cloud/ipfs/QmWZZZFgcjJEN2CAoGmWcBBUu9rgYZCWX9BrWuhzUHfWaL/411,204,992
412,https://gateway.pinata.cloud/ipfs/QmWZZZFgcjJEN2CAoGmWcBBUu9rgYZCWX9BrWuhzUHfWaL/412,241,237
413,https://gateway.pinata.cloud/ipfs/QmWZZZFgcjJEN2CAoGmWcBBUu9rgYZCWX9BrWuhzUHfWaL/413,221,760
414,https://gateway.pinata.cloud/ipfs/QmWZZZFgcjJEN2CAoGmWcBBUu9rgYZCWX9BrWuhzUHfWaL/414,235,362
415,https://gateway.pinata.cloud/ipfs/QmWZZZFgcjJEN2CAoGmWcBBUu9rgYZCWX9BrWuhzUHfWaL/415,221,761
416,https://gateway.pinata.cloud/ipfs/QmWZZZFgcjJEN2CAoGmWcBBUu9rgYZCWX9BrWuhzUHfWaL/416,228,546
417,https://gateway.pinata.cloud/ipfs/QmWZZZFgcjJEN2CAoGmWcBBUu9rgYZCWX9BrWuhzUHfWaL/417,242,217
418,https://gateway.pinata.cloud/ipfs/QmWZZZFgcjJEN2CAoGmWcBBUu9rgYZCWX9BrWuhzUHfWaL/418,206,983
419,https://gateway.pinata.cloud/ipfs/QmWZZZFgcjJEN2CAoGmWcBBUu9rgYZCWX9BrWuhzUHfWaL/419,225,629
420,https://gateway.pinata.cloud/ipfs/QmWZZZFgcjJEN2CAoGmWcBBUu9rgYZCWX9BrWuhzUHfWaL/420,217,840
421,https://gateway.pinata.cloud/ipfs/QmWZZZFgcjJEN2CAoGmWcBBUu9rgYZCWX9BrWuhzUHfWaL/421,234,386
422,https://gateway.pinata.cloud/ipfs/QmWZZZFgcjJEN2CAoGmWcBBUu9rgYZCWX9BrWuhzUHfWaL/422,227,575
423,https://gateway.pinata.cloud/ipfs/QmWZZZFgcjJEN2CAoGmWcBBUu9rgYZCWX9BrWuhzUHfWaL/423,226,605
424,https://gateway.pinata.cloud/ipfs/QmWZZZFgcjJEN2CAoGmWcBBUu9rgYZCWX9BrWuhzUHfWaL/424,245,172
425,https://gateway.pinata.cloud/ipfs/QmWZZZFgcjJEN2CAoGmWcBBUu9rgYZCWX9BrWuhzUHfWaL/425,247,153
426,https://gateway.pinata.cloud/ipfs/QmWZZZFgcjJEN2CAoGmWcBBUu9rgYZCWX9BrWuhzUHfWaL/426,241,238
427,https://gateway.pinata.cloud/ipfs/QmWZZZFgcjJEN2CAoGmWcBBUu9rgYZCWX9BrWuhzUHfWaL/427,244,181
428,https://gateway.pinata.cloud/ipfs/QmWZZZFgcjJEN2CAoGmWcBBUu9rgYZCWX9BrWuhzUHfWaL/428,223,684
429,https://gateway.pinata.cloud/ipfs/QmWZZZFgcjJEN2CAoGmWcBBUu9rgYZCWX9BrWuhzUHfWaL/429,238,292
430,https://gateway.pinata.cloud/ipfs/QmWZZZFgcjJEN2CAoGmWcBBUu9rgYZCWX9BrWuhzUHfWaL/430,217,841
431,https://gateway.pinata.cloud/ipfs/QmWZZZFgcjJEN2CAoGmWcBBUu9rgYZCWX9BrWuhzUHfWaL/431,229,517
432,https://gateway.pinata.cloud/ipfs/QmWZZZFgcjJEN2CAoGmWcBBUu9rgYZCWX9BrWuhzUHfWaL/432,223,685
433,https://gateway.pinata.cloud/ipfs/QmWZZZFgcjJEN2CAoGmWcBBUu9rgYZCWX9BrWuhzUHfWaL/433,216,866
434,https://gateway.pinata.cloud/ipfs/QmWZZZFgcjJEN2CAoGmWcBBUu9rgYZCWX9BrWuhzUHfWaL/434,231,469
435,https://gateway.pinata.cloud/ipfs/QmWZZZFgcjJEN2CAoGmWcBBUu9rgYZCWX9BrWuhzUHfWaL/435,238,293
436,https://gateway.pinata.cloud/ipfs/QmWZZZFgcjJEN2CAoGmWcBBUu9rgYZCWX9BrWuhzUHfWaL/436,232,430
437,https://gateway.pinata.cloud/ipfs/QmWZZZFgcjJEN2CAoGmWcBBUu9rgYZCWX9BrWuhzUHfWaL/437,213,917
438,https://gateway.pinata.cloud/ipfs/QmWZZZFgcjJEN2CAoGmWcBBUu9rgYZCWX9BrWuhzUHfWaL/438,264,32
439,https://gateway.pinata.cloud/ipfs/QmWZZZFgcjJEN2CAoGmWcBBUu9rgYZCWX9BrWuhzUHfWaL/439,233,405
440,https://gateway.pinata.cloud/ipfs/QmWZZZFgcjJEN2CAoGmWcBBUu9rgYZCWX9BrWuhzUHfWaL/440,225,630
441,https://gateway.pinata.cloud/ipfs/QmWZZZFgcjJEN2CAoGmWcBBUu9rgYZCWX9BrWuhzUHfWaL/441,254,93
442,https://gateway.pinata.cloud/ipfs/QmWZZZFgcjJEN2CAoGmWcBBUu9rgYZCWX9BrWuhzUHfWaL/442,237,318
443,https://gateway.pinata.cloud/ipfs/QmWZZZFgcjJEN2CAoGmWcBBUu9rgYZCWX9BrWuhzUHfWaL/443,223,686
444,https://gateway.pinata.cloud/ipfs/QmWZZZFgcjJEN2CAoGmWcBBUu9rgYZCWX9BrWuhzUHfWaL/444,219,807
445,https://gateway.pinata.cloud/ipfs/QmWZZZFgcjJEN2CAoGmWcBBUu9rgYZCWX9BrWuhzUHfWaL/445,243,195
446,https://gateway.pinata.cloud/ipfs/QmWZZZFgcjJEN2CAoGmWcBBUu9rgYZCWX9BrWuhzUHfWaL/446,223,687
447,https://gateway.pinata.cloud/ipfs/QmWZZZFgcjJEN2CAoGmWcBBUu9rgYZCWX9BrWuhzUHfWaL/447,264,33
448,https://gateway.pinata.cloud/ipfs/QmWZZZFgcjJEN2CAoGmWcBBUu9rgYZCWX9BrWuhzUHfWaL/448,219,808
449,https://gateway.pinata.cloud/ipfs/QmWZZZFgcjJEN2CAoGmWcBBUu9rgYZCWX9BrWuhzUHfWaL/449,231,470
450,https://gateway.pinata.cloud/ipfs/QmWZZZFgcjJEN2CAoGmWcBBUu9rgYZCWX9BrWuhzUHfWaL/450,252,111
451,https://gateway.pinata.cloud/ipfs/QmWZZZFgcjJEN2CAoGmWcBBUu9rgYZCWX9BrWuhzUHfWaL/451,268,17
452,https://gateway.pinata.cloud/ipfs/QmWZZZFgcjJEN2CAoGmWcBBUu9rgYZCWX9BrWuhzUHfWaL/452,234,387
453,https://gateway.pinata.cloud/ipfs/QmWZZZFgcjJEN2CAoGmWcBBUu9rgYZCWX9BrWuhzUHfWaL/453,263,40
454,https://gateway.pinata.cloud/ipfs/QmWZZZFgcjJEN2CAoGmWcBBUu9rgYZCWX9BrWuhzUHfWaL/454,232,431
455,https://gateway.pinata.cloud/ipfs/QmWZZZFgcjJEN2CAoGmWcBBUu9rgYZCWX9BrWuhzUHfWaL/455,221,762
456,https://gateway.pinata.cloud/ipfs/QmWZZZFgcjJEN2CAoGmWcBBUu9rgYZCWX9BrWuhzUHfWaL/456,255,82
457,https://gateway.pinata.cloud/ipfs/QmWZZZFgcjJEN2CAoGmWcBBUu9rgYZCWX9BrWuhzUHfWaL/457,250,125
458,https://gateway.pinata.cloud/ipfs/QmWZZZFgcjJEN2CAoGmWcBBUu9rgYZCWX9BrWuhzUHfWaL/458,221,763
459,https://gateway.pinata.cloud/ipfs/QmWZZZFgcjJEN2CAoGmWcBBUu9rgYZCWX9BrWuhzUHfWaL/459,215,883
460,https://gateway.pinata.cloud/ipfs/QmWZZZFgcjJEN2CAoGmWcBBUu9rgYZCWX9BrWuhzUHfWaL/460,232,432
461,https://gateway.pinata.cloud/ipfs/QmWZZZFgcjJEN2CAoGmWcBBUu9rgYZCWX9BrWuhzUHfWaL/461,243,196
462,https://gateway.pinata.cloud/ipfs/QmWZZZFgcjJEN2CAoGmWcBBUu9rgYZCWX9BrWuhzUHfWaL/462,213,918
463,https://gateway.pinata.cloud/ipfs/QmWZZZFgcjJEN2CAoGmWcBBUu9rgYZCWX9BrWuhzUHfWaL/463,238,294
464,https://gateway.pinata.cloud/ipfs/QmWZZZFgcjJEN2CAoGmWcBBUu9rgYZCWX9BrWuhzUHfWaL/464,224,661
465,https://gateway.pinata.cloud/ipfs/QmWZZZFgcjJEN2CAoGmWcBBUu9rgYZCWX9BrWuhzUHfWaL/465,208,964
466,https://gateway.pinata.cloud/ipfs/QmWZZZFgcjJEN2CAoGmWcBBUu9rgYZCWX9BrWuhzUHfWaL/466,231,471
467,https://gateway.pinata.cloud/ipfs/QmWZZZFgcjJEN2CAoGmWcBBUu9rgYZCWX9BrWuhzUHfWaL/467,231,472
468,https://gateway.pinata.cloud/ipfs/QmWZZZFgcjJEN2CAoGmWcBBUu9rgYZCWX9BrWuhzUHfWaL/468,250,126
469,https://gateway.pinata.cloud/ipfs/QmWZZZFgcjJEN2CAoGmWcBBUu9rgYZCWX9BrWuhzUHfWaL/469,250,127
470,https://gateway.pinata.cloud/ipfs/QmWZZZFgcjJEN2CAoGmWcBBUu9rgYZCWX9BrWuhzUHfWaL/470,210,952
471,https://gateway.pinata.cloud/ipfs/QmWZZZFgcjJEN2CAoGmWcBBUu9rgYZCWX9BrWuhzUHfWaL/471,250,128
472,https://gateway.pinata.cloud/ipfs/QmWZZZFgcjJEN2CAoGmWcBBUu9rgYZCWX9BrWuhzUHfWaL/472,222,726
473,https://gateway.pinata.cloud/ipfs/QmWZZZFgcjJEN2CAoGmWcBBUu9rgYZCWX9BrWuhzUHfWaL/473,222,727
474,https://gateway.pinata.cloud/ipfs/QmWZZZFgcjJEN2CAoGmWcBBUu9rgYZCWX9BrWuhzUHfWaL/474,208,965
475,https://gateway.pinata.cloud/ipfs/QmWZZZFgcjJEN2CAoGmWcBBUu9rgYZCWX9BrWuhzUHfWaL/475,223,688
476,https://gateway.pinata.cloud/ipfs/QmWZZZFgcjJEN2CAoGmWcBBUu9rgYZCWX9BrWuhzUHfWaL/476,223,689
477,https://gateway.pinata.cloud/ipfs/QmWZZZFgcjJEN2CAoGmWcBBUu9rgYZCWX9BrWuhzUHfWaL/477,255,83
478,https://gateway.pinata.cloud/ipfs/QmWZZZFgcjJEN2CAoGmWcBBUu9rgYZCWX9BrWuhzUHfWaL/478,255,84
479,https://gateway.pinata.cloud/ipfs/QmWZZZFgcjJEN2CAoGmWcBBUu9rgYZCWX9BrWuhzUHfWaL/479,213,919
480,https://gateway.pinata.cloud/ipfs/QmWZZZFgcjJEN2CAoGmWcBBUu9rgYZCWX9BrWuhzUHfWaL/480,216,867
481,https://gateway.pinata.cloud/ipfs/QmWZZZFgcjJEN2CAoGmWcBBUu9rgYZCWX9BrWuhzUHfWaL/481,228,547
482,https://gateway.pinata.cloud/ipfs/QmWZZZFgcjJEN2CAoGmWcBBUu9rgYZCWX9BrWuhzUHfWaL/482,228,548
483,https://gateway.pinata.cloud/ipfs/QmWZZZFgcjJEN2CAoGmWcBBUu9rgYZCWX9BrWuhzUHfWaL/483,262,45
484,https://gateway.pinata.cloud/ipfs/QmWZZZFgcjJEN2CAoGmWcBBUu9rgYZCWX9BrWuhzUHfWaL/484,240,251
485,https://gateway.pinata.cloud/ipfs/QmWZZZFgcjJEN2CAoGmWcBBUu9rgYZCWX9BrWuhzUHfWaL/485,233,406
486,https://gateway.pinata.cloud/ipfs/QmWZZZFgcjJEN2CAoGmWcBBUu9rgYZCWX9BrWuhzUHfWaL/486,214,902
487,https://gateway.pinata.cloud/ipfs/QmWZZZFgcjJEN2CAoGmWcBBUu9rgYZCWX9BrWuhzUHfWaL/487,227,576
488,https://gateway.pinata.cloud/ipfs/QmWZZZFgcjJEN2CAoGmWcBBUu9rgYZCWX9BrWuhzUHfWaL/488,237,319
489,https://gateway.pinata.cloud/ipfs/QmWZZZFgcjJEN2CAoGmWcBBUu9rgYZCWX9BrWuhzUHfWaL/489,207,973
490,https://gateway.pinata.cloud/ipfs/QmWZZZFgcjJEN2CAoGmWcBBUu9rgYZCWX9BrWuhzUHfWaL/490,226,606
491,https://gateway.pinata.cloud/ipfs/QmWZZZFgcjJEN2CAoGmWcBBUu9rgYZCWX9BrWuhzUHfWaL/491,222,728
492,https://gateway.pinata.cloud/ipfs/QmWZZZFgcjJEN2CAoGmWcBBUu9rgYZCWX9BrWuhzUHfWaL/492,227,577
493,https://gateway.pinata.cloud/ipfs/QmWZZZFgcjJEN2CAoGmWcBBUu9rgYZCWX9BrWuhzUHfWaL/493,243,197
494,https://gateway.pinata.cloud/ipfs/QmWZZZFgcjJEN2CAoGmWcBBUu9rgYZCWX9BrWuhzUHfWaL/494,233,407
495,https://gateway.pinata.cloud/ipfs/QmWZZZFgcjJEN2CAoGmWcBBUu9rgYZCWX9BrWuhzUHfWaL/495,255,85
496,https://gateway.pinata.cloud/ipfs/QmWZZZFgcjJEN2CAoGmWcBBUu9rgYZCWX9BrWuhzUHfWaL/496,236,341
497,https://gateway.pinata.cloud/ipfs/QmWZZZFgcjJEN2CAoGmWcBBUu9rgYZCWX9BrWuhzUHfWaL/497,246,161
498,https://gateway.pinata.cloud/ipfs/QmWZZZFgcjJEN2CAoGmWcBBUu9rgYZCWX9BrWuhzUHfWaL/498,231,473
499,https://gateway.pinata.cloud/ipfs/QmWZZZFgcjJEN2CAoGmWcBBUu9rgYZCWX9BrWuhzUHfWaL/499,241,239
500,https://gateway.pinata.cloud/ipfs/QmWZZZFgcjJEN2CAoGmWcBBUu9rgYZCWX9BrWuhzUHfWaL/500,232,433
501,https://gateway.pinata.cloud/ipfs/QmWZZZFgcjJEN2CAoGmWcBBUu9rgYZCWX9BrWuhzUHfWaL/501,215,884
502,https://gateway.pinata.cloud/ipfs/QmWZZZFgcjJEN2CAoGmWcBBUu9rgYZCWX9BrWuhzUHfWaL/502,229,518
503,https://gateway.pinata.cloud/ipfs/QmWZZZFgcjJEN2CAoGmWcBBUu9rgYZCWX9BrWuhzUHfWaL/503,209,960
504,https://gateway.pinata.cloud/ipfs/QmWZZZFgcjJEN2CAoGmWcBBUu9rgYZCWX9BrWuhzUHfWaL/504,223,690
505,https://gateway.pinata.cloud/ipfs/QmWZZZFgcjJEN2CAoGmWcBBUu9rgYZCWX9BrWuhzUHfWaL/505,227,578
506,https://gateway.pinata.cloud/ipfs/QmWZZZFgcjJEN2CAoGmWcBBUu9rgYZCWX9BrWuhzUHfWaL/506,237,320
507,https://gateway.pinata.cloud/ipfs/QmWZZZFgcjJEN2CAoGmWcBBUu9rgYZCWX9BrWuhzUHfWaL/507,216,868
508,https://gateway.pinata.cloud/ipfs/QmWZZZFgcjJEN2CAoGmWcBBUu9rgYZCWX9BrWuhzUHfWaL/508,213,920
509,https://gateway.pinata.cloud/ipfs/QmWZZZFgcjJEN2CAoGmWcBBUu9rgYZCWX9BrWuhzUHfWaL/509,253,103
510,https://gateway.pinata.cloud/ipfs/QmWZZZFgcjJEN2CAoGmWcBBUu9rgYZCWX9BrWuhzUHfWaL/510,224,662
511,https://gateway.pinata.cloud/ipfs/QmWZZZFgcjJEN2CAoGmWcBBUu9rgYZCWX9BrWuhzUHfWaL/511,245,173
512,https://gateway.pinata.cloud/ipfs/QmWZZZFgcjJEN2CAoGmWcBBUu9rgYZCWX9BrWuhzUHfWaL/512,222,729
513,https://gateway.pinata.cloud/ipfs/QmWZZZFgcjJEN2CAoGmWcBBUu9rgYZCWX9BrWuhzUHfWaL/513,253,104
514,https://gateway.pinata.cloud/ipfs/QmWZZZFgcjJEN2CAoGmWcBBUu9rgYZCWX9BrWuhzUHfWaL/514,252,112
515,https://gateway.pinata.cloud/ipfs/QmWZZZFgcjJEN2CAoGmWcBBUu9rgYZCWX9BrWuhzUHfWaL/515,238,295
516,https://gateway.pinata.cloud/ipfs/QmWZZZFgcjJEN2CAoGmWcBBUu9rgYZCWX9BrWuhzUHfWaL/516,232,434
517,https://gateway.pinata.cloud/ipfs/QmWZZZFgcjJEN2CAoGmWcBBUu9rgYZCWX9BrWuhzUHfWaL/517,238,296
518,https://gateway.pinata.cloud/ipfs/QmWZZZFgcjJEN2CAoGmWcBBUu9rgYZCWX9BrWuhzUHfWaL/518,244,182
519,https://gateway.pinata.cloud/ipfs/QmWZZZFgcjJEN2CAoGmWcBBUu9rgYZCWX9BrWuhzUHfWaL/519,230,497
520,https://gateway.pinata.cloud/ipfs/QmWZZZFgcjJEN2CAoGmWcBBUu9rgYZCWX9BrWuhzUHfWaL/520,214,903
521,https://gateway.pinata.cloud/ipfs/QmWZZZFgcjJEN2CAoGmWcBBUu9rgYZCWX9BrWuhzUHfWaL/521,238,297
522,https://gateway.pinata.cloud/ipfs/QmWZZZFgcjJEN2CAoGmWcBBUu9rgYZCWX9BrWuhzUHfWaL/522,226,607
523,https://gateway.pinata.cloud/ipfs/QmWZZZFgcjJEN2CAoGmWcBBUu9rgYZCWX9BrWuhzUHfWaL/523,242,218
524,https://gateway.pinata.cloud/ipfs/QmWZZZFgcjJEN2CAoGmWcBBUu9rgYZCWX9BrWuhzUHfWaL/524,236,342
525,https://gateway.pinata.cloud/ipfs/QmWZZZFgcjJEN2CAoGmWcBBUu9rgYZCWX9BrWuhzUHfWaL/525,250,129
526,https://gateway.pinata.cloud/ipfs/QmWZZZFgcjJEN2CAoGmWcBBUu9rgYZCWX9BrWuhzUHfWaL/526,254,94
527,https://gateway.pinata.cloud/ipfs/QmWZZZFgcjJEN2CAoGmWcBBUu9rgYZCWX9BrWuhzUHfWaL/527,228,549
528,https://gateway.pinata.cloud/ipfs/QmWZZZFgcjJEN2CAoGmWcBBUu9rgYZCWX9BrWuhzUHfWaL/528,244,183
529,https://gateway.pinata.cloud/ipfs/QmWZZZFgcjJEN2CAoGmWcBBUu9rgYZCWX9BrWuhzUHfWaL/529,224,663
530,https://gateway.pinata.cloud/ipfs/QmWZZZFgcjJEN2CAoGmWcBBUu9rgYZCWX9BrWuhzUHfWaL/530,257,68
531,https://gateway.pinata.cloud/ipfs/QmWZZZFgcjJEN2CAoGmWcBBUu9rgYZCWX9BrWuhzUHfWaL/531,240,252
532,https://gateway.pinata.cloud/ipfs/QmWZZZFgcjJEN2CAoGmWcBBUu9rgYZCWX9BrWuhzUHfWaL/532,221,764
533,https://gateway.pinata.cloud/ipfs/QmWZZZFgcjJEN2CAoGmWcBBUu9rgYZCWX9BrWuhzUHfWaL/533,224,664
534,https://gateway.pinata.cloud/ipfs/QmWZZZFgcjJEN2CAoGmWcBBUu9rgYZCWX9BrWuhzUHfWaL/534,242,219
535,https://gateway.pinata.cloud/ipfs/QmWZZZFgcjJEN2CAoGmWcBBUu9rgYZCWX9BrWuhzUHfWaL/535,220,785
536,https://gateway.pinata.cloud/ipfs/QmWZZZFgcjJEN2CAoGmWcBBUu9rgYZCWX9BrWuhzUHfWaL/536,222,730
537,https://gateway.pinata.cloud/ipfs/QmWZZZFgcjJEN2CAoGmWcBBUu9rgYZCWX9BrWuhzUHfWaL/537,216,869
538,https://gateway.pinata.cloud/ipfs/QmWZZZFgcjJEN2CAoGmWcBBUu9rgYZCWX9BrWuhzUHfWaL/538,251,119
539,https://gateway.pinata.cloud/ipfs/QmWZZZFgcjJEN2CAoGmWcBBUu9rgYZCWX9BrWuhzUHfWaL/539,231,474
540,https://gateway.pinata.cloud/ipfs/QmWZZZFgcjJEN2CAoGmWcBBUu9rgYZCWX9BrWuhzUHfWaL/540,244,184
541,https://gateway.pinata.cloud/ipfs/QmWZZZFgcjJEN2CAoGmWcBBUu9rgYZCWX9BrWuhzUHfWaL/541,235,363
542,https://gateway.pinata.cloud/ipfs/QmWZZZFgcjJEN2CAoGmWcBBUu9rgYZCWX9BrWuhzUHfWaL/542,228,550
543,https://gateway.pinata.cloud/ipfs/QmWZZZFgcjJEN2CAoGmWcBBUu9rgYZCWX9BrWuhzUHfWaL/543,232,435
544,https://gateway.pinata.cloud/ipfs/QmWZZZFgcjJEN2CAoGmWcBBUu9rgYZCWX9BrWuhzUHfWaL/544,239,274
545,https://gateway.pinata.cloud/ipfs/QmWZZZFgcjJEN2CAoGmWcBBUu9rgYZCWX9BrWuhzUHfWaL/545,219,809
546,https://gateway.pinata.cloud/ipfs/QmWZZZFgcjJEN2CAoGmWcBBUu9rgYZCWX9BrWuhzUHfWaL/546,223,691
547,https://gateway.pinata.cloud/ipfs/QmWZZZFgcjJEN2CAoGmWcBBUu9rgYZCWX9BrWuhzUHfWaL/547,233,408
548,https://gateway.pinata.cloud/ipfs/QmWZZZFgcjJEN2CAoGmWcBBUu9rgYZCWX9BrWuhzUHfWaL/548,263,41
549,https://gateway.pinata.cloud/ipfs/QmWZZZFgcjJEN2CAoGmWcBBUu9rgYZCWX9BrWuhzUHfWaL/549,220,786
550,https://gateway.pinata.cloud/ipfs/QmWZZZFgcjJEN2CAoGmWcBBUu9rgYZCWX9BrWuhzUHfWaL/550,246,162
551,https://gateway.pinata.cloud/ipfs/QmWZZZFgcjJEN2CAoGmWcBBUu9rgYZCWX9BrWuhzUHfWaL/551,227,579
552,https://gateway.pinata.cloud/ipfs/QmWZZZFgcjJEN2CAoGmWcBBUu9rgYZCWX9BrWuhzUHfWaL/552,214,904
553,https://gateway.pinata.cloud/ipfs/QmWZZZFgcjJEN2CAoGmWcBBUu9rgYZCWX9BrWuhzUHfWaL/553,231,475
554,https://gateway.pinata.cloud/ipfs/QmWZZZFgcjJEN2CAoGmWcBBUu9rgYZCWX9BrWuhzUHfWaL/554,232,436
555,https://gateway.pinata.cloud/ipfs/QmWZZZFgcjJEN2CAoGmWcBBUu9rgYZCWX9BrWuhzUHfWaL/555,263,42
556,https://gateway.pinata.cloud/ipfs/QmWZZZFgcjJEN2CAoGmWcBBUu9rgYZCWX9BrWuhzUHfWaL/556,225,631
557,https://gateway.pinata.cloud/ipfs/QmWZZZFgcjJEN2CAoGmWcBBUu9rgYZCWX9BrWuhzUHfWaL/557,236,343
558,https://gateway.pinata.cloud/ipfs/QmWZZZFgcjJEN2CAoGmWcBBUu9rgYZCWX9BrWuhzUHfWaL/558,229,519
559,https://gateway.pinata.cloud/ipfs/QmWZZZFgcjJEN2CAoGmWcBBUu9rgYZCWX9BrWuhzUHfWaL/559,242,220
560,https://gateway.pinata.cloud/ipfs/QmWZZZFgcjJEN2CAoGmWcBBUu9rgYZCWX9BrWuhzUHfWaL/560,225,632
561,https://gateway.pinata.cloud/ipfs/QmWZZZFgcjJEN2CAoGmWcBBUu9rgYZCWX9BrWuhzUHfWaL/561,213,921
562,https://gateway.pinata.cloud/ipfs/QmWZZZFgcjJEN2CAoGmWcBBUu9rgYZCWX9BrWuhzUHfWaL/562,235,364
563,https://gateway.pinata.cloud/ipfs/QmWZZZFgcjJEN2CAoGmWcBBUu9rgYZCWX9BrWuhzUHfWaL/563,224,665
564,https://gateway.pinata.cloud/ipfs/QmWZZZFgcjJEN2CAoGmWcBBUu9rgYZCWX9BrWuhzUHfWaL/564,222,731
565,https://gateway.pinata.cloud/ipfs/QmWZZZFgcjJEN2CAoGmWcBBUu9rgYZCWX9BrWuhzUHfWaL/565,244,185
566,https://gateway.pinata.cloud/ipfs/QmWZZZFgcjJEN2CAoGmWcBBUu9rgYZCWX9BrWuhzUHfWaL/566,229,520
567,https://gateway.pinata.cloud/ipfs/QmWZZZFgcjJEN2CAoGmWcBBUu9rgYZCWX9BrWuhzUHfWaL/567,263,43
568,https://gateway.pinata.cloud/ipfs/QmWZZZFgcjJEN2CAoGmWcBBUu9rgYZCWX9BrWuhzUHfWaL/568,227,580
569,https://gateway.pinata.cloud/ipfs/QmWZZZFgcjJEN2CAoGmWcBBUu9rgYZCWX9BrWuhzUHfWaL/569,220,787
570,https://gateway.pinata.cloud/ipfs/QmWZZZFgcjJEN2CAoGmWcBBUu9rgYZCWX9BrWuhzUHfWaL/570,224,666
571,https://gateway.pinata.cloud/ipfs/QmWZZZFgcjJEN2CAoGmWcBBUu9rgYZCWX9BrWuhzUHfWaL/571,225,633
572,https://gateway.pinata.cloud/ipfs/QmWZZZFgcjJEN2CAoGmWcBBUu9rgYZCWX9BrWuhzUHfWaL/572,226,608
573,https://gateway.pinata.cloud/ipfs/QmWZZZFgcjJEN2CAoGmWcBBUu9rgYZCWX9BrWuhzUHfWaL/573,257,69
574,https://gateway.pinata.cloud/ipfs/QmWZZZFgcjJEN2CAoGmWcBBUu9rgYZCWX9BrWuhzUHfWaL/574,226,609
575,https://gateway.pinata.cloud/ipfs/QmWZZZFgcjJEN2CAoGmWcBBUu9rgYZCWX9BrWuhzUHfWaL/575,251,120
576,https://gateway.pinata.cloud/ipfs/QmWZZZFgcjJEN2CAoGmWcBBUu9rgYZCWX9BrWuhzUHfWaL/576,222,732
577,https://gateway.pinata.cloud/ipfs/QmWZZZFgcjJEN2CAoGmWcBBUu9rgYZCWX9BrWuhzUHfWaL/577,221,765
578,https://gateway.pinata.cloud/ipfs/QmWZZZFgcjJEN2CAoGmWcBBUu9rgYZCWX9BrWuhzUHfWaL/578,245,174
579,https://gateway.pinata.cloud/ipfs/QmWZZZFgcjJEN2CAoGmWcBBUu9rgYZCWX9BrWuhzUHfWaL/579,220,788
580,https://gateway.pinata.cloud/ipfs/QmWZZZFgcjJEN2CAoGmWcBBUu9rgYZCWX9BrWuhzUHfWaL/580,206,984
581,https://gateway.pinata.cloud/ipfs/QmWZZZFgcjJEN2CAoGmWcBBUu9rgYZCWX9BrWuhzUHfWaL/581,215,885
582,https://gateway.pinata.cloud/ipfs/QmWZZZFgcjJEN2CAoGmWcBBUu9rgYZCWX9BrWuhzUHfWaL/582,253,105
583,https://gateway.pinata.cloud/ipfs/QmWZZZFgcjJEN2CAoGmWcBBUu9rgYZCWX9BrWuhzUHfWaL/583,220,789
584,https://gateway.pinata.cloud/ipfs/QmWZZZFgcjJEN2CAoGmWcBBUu9rgYZCWX9BrWuhzUHfWaL/584,226,610
585,https://gateway.pinata.cloud/ipfs/QmWZZZFgcjJEN2CAoGmWcBBUu9rgYZCWX9BrWuhzUHfWaL/585,242,221
586,https://gateway.pinata.cloud/ipfs/QmWZZZFgcjJEN2CAoGmWcBBUu9rgYZCWX9BrWuhzUHfWaL/586,249,139
587,https://gateway.pinata.cloud/ipfs/QmWZZZFgcjJEN2CAoGmWcBBUu9rgYZCWX9BrWuhzUHfWaL/587,267,19
588,https://gateway.pinata.cloud/ipfs/QmWZZZFgcjJEN2CAoGmWcBBUu9rgYZCWX9BrWuhzUHfWaL/588,227,581
589,https://gateway.pinata.cloud/ipfs/QmWZZZFgcjJEN2CAoGmWcBBUu9rgYZCWX9BrWuhzUHfWaL/589,228,551
590,https://gateway.pinata.cloud/ipfs/QmWZZZFgcjJEN2CAoGmWcBBUu9rgYZCWX9BrWuhzUHfWaL/590,213,922
591,https://gateway.pinata.cloud/ipfs/QmWZZZFgcjJEN2CAoGmWcBBUu9rgYZCWX9BrWuhzUHfWaL/591,246,163
592,https://gateway.pinata.cloud/ipfs/QmWZZZFgcjJEN2CAoGmWcBBUu9rgYZCWX9BrWuhzUHfWaL/592,216,870
593,https://gateway.pinata.cloud/ipfs/QmWZZZFgcjJEN2CAoGmWcBBUu9rgYZCWX9BrWuhzUHfWaL/593,218,822
594,https://gateway.pinata.cloud/ipfs/QmWZZZFgcjJEN2CAoGmWcBBUu9rgYZCWX9BrWuhzUHfWaL/594,270,14
595,https://gateway.pinata.cloud/ipfs/QmWZZZFgcjJEN2CAoGmWcBBUu9rgYZCWX9BrWuhzUHfWaL/595,262,46
596,https://gateway.pinata.cloud/ipfs/QmWZZZFgcjJEN2CAoGmWcBBUu9rgYZCWX9BrWuhzUHfWaL/596,240,253
597,https://gateway.pinata.cloud/ipfs/QmWZZZFgcjJEN2CAoGmWcBBUu9rgYZCWX9BrWuhzUHfWaL/597,225,634
598,https://gateway.pinata.cloud/ipfs/QmWZZZFgcjJEN2CAoGmWcBBUu9rgYZCWX9BrWuhzUHfWaL/598,237,321
599,https://gateway.pinata.cloud/ipfs/QmWZZZFgcjJEN2CAoGmWcBBUu9rgYZCWX9BrWuhzUHfWaL/599,241,240
600,https://gateway.pinata.cloud/ipfs/QmWZZZFgcjJEN2CAoGmWcBBUu9rgYZCWX9BrWuhzUHfWaL/600,223,692
601,https://gateway.pinata.cloud/ipfs/QmWZZZFgcjJEN2CAoGmWcBBUu9rgYZCWX9BrWuhzUHfWaL/601,229,521
602,https://gateway.pinata.cloud/ipfs/QmWZZZFgcjJEN2CAoGmWcBBUu9rgYZCWX9BrWuhzUHfWaL/602,226,611
603,https://gateway.pinata.cloud/ipfs/QmWZZZFgcjJEN2CAoGmWcBBUu9rgYZCWX9BrWuhzUHfWaL/603,227,582
604,https://gateway.pinata.cloud/ipfs/QmWZZZFgcjJEN2CAoGmWcBBUu9rgYZCWX9BrWuhzUHfWaL/604,216,871
605,https://gateway.pinata.cloud/ipfs/QmWZZZFgcjJEN2CAoGmWcBBUu9rgYZCWX9BrWuhzUHfWaL/605,235,365
606,https://gateway.pinata.cloud/ipfs/QmWZZZFgcjJEN2CAoGmWcBBUu9rgYZCWX9BrWuhzUHfWaL/606,257,70
607,https://gateway.pinata.cloud/ipfs/QmWZZZFgcjJEN2CAoGmWcBBUu9rgYZCWX9BrWuhzUHfWaL/607,243,198
608,https://gateway.pinata.cloud/ipfs/QmWZZZFgcjJEN2CAoGmWcBBUu9rgYZCWX9BrWuhzUHfWaL/608,219,810
609,https://gateway.pinata.cloud/ipfs/QmWZZZFgcjJEN2CAoGmWcBBUu9rgYZCWX9BrWuhzUHfWaL/609,256,77
610,https://gateway.pinata.cloud/ipfs/QmWZZZFgcjJEN2CAoGmWcBBUu9rgYZCWX9BrWuhzUHfWaL/610,215,886
611,https://gateway.pinata.cloud/ipfs/QmWZZZFgcjJEN2CAoGmWcBBUu9rgYZCWX9BrWuhzUHfWaL/611,216,872
612,https://gateway.pinata.cloud/ipfs/QmWZZZFgcjJEN2CAoGmWcBBUu9rgYZCWX9BrWuhzUHfWaL/612,225,635
613,https://gateway.pinata.cloud/ipfs/QmWZZZFgcjJEN2CAoGmWcBBUu9rgYZCWX9BrWuhzUHfWaL/613,227,583
614,https://gateway.pinata.cloud/ipfs/QmWZZZFgcjJEN2CAoGmWcBBUu9rgYZCWX9BrWuhzUHfWaL/614,226,612
615,https://gateway.pinata.cloud/ipfs/QmWZZZFgcjJEN2CAoGmWcBBUu9rgYZCWX9BrWuhzUHfWaL/615,264,34
616,https://gateway.pinata.cloud/ipfs/QmWZZZFgcjJEN2CAoGmWcBBUu9rgYZCWX9BrWuhzUHfWaL/616,224,667
617,https://gateway.pinata.cloud/ipfs/QmWZZZFgcjJEN2CAoGmWcBBUu9rgYZCWX9BrWuhzUHfWaL/617,226,613
618,https://gateway.pinata.cloud/ipfs/QmWZZZFgcjJEN2CAoGmWcBBUu9rgYZCWX9BrWuhzUHfWaL/618,238,298
619,https://gateway.pinata.cloud/ipfs/QmWZZZFgcjJEN2CAoGmWcBBUu9rgYZCWX9BrWuhzUHfWaL/619,218,823
620,https://gateway.pinata.cloud/ipfs/QmWZZZFgcjJEN2CAoGmWcBBUu9rgYZCWX9BrWuhzUHfWaL/620,233,409
621,https://gateway.pinata.cloud/ipfs/QmWZZZFgcjJEN2CAoGmWcBBUu9rgYZCWX9BrWuhzUHfWaL/621,257,71
622,https://gateway.pinata.cloud/ipfs/QmWZZZFgcjJEN2CAoGmWcBBUu9rgYZCWX9BrWuhzUHfWaL/622,219,811
623,https://gateway.pinata.cloud/ipfs/QmWZZZFgcjJEN2CAoGmWcBBUu9rgYZCWX9BrWuhzUHfWaL/623,203,994
624,https://gateway.pinata.cloud/ipfs/QmWZZZFgcjJEN2CAoGmWcBBUu9rgYZCWX9BrWuhzUHfWaL/624,218,824
625,https://gateway.pinata.cloud/ipfs/QmWZZZFgcjJEN2CAoGmWcBBUu9rgYZCWX9BrWuhzUHfWaL/625,243,199
626,https://gateway.pinata.cloud/ipfs/QmWZZZFgcjJEN2CAoGmWcBBUu9rgYZCWX9BrWuhzUHfWaL/626,222,733
627,https://gateway.pinata.cloud/ipfs/QmWZZZFgcjJEN2CAoGmWcBBUu9rgYZCWX9BrWuhzUHfWaL/627,224,668
628,https://gateway.pinata.cloud/ipfs/QmWZZZFgcjJEN2CAoGmWcBBUu9rgYZCWX9BrWuhzUHfWaL/628,237,322
629,https://gateway.pinata.cloud/ipfs/QmWZZZFgcjJEN2CAoGmWcBBUu9rgYZCWX9BrWuhzUHfWaL/629,259,57
630,https://gateway.pinata.cloud/ipfs/QmWZZZFgcjJEN2CAoGmWcBBUu9rgYZCWX9BrWuhzUHfWaL/630,207,974
631,https://gateway.pinata.cloud/ipfs/QmWZZZFgcjJEN2CAoGmWcBBUu9rgYZCWX9BrWuhzUHfWaL/631,232,437
632,https://gateway.pinata.cloud/ipfs/QmWZZZFgcjJEN2CAoGmWcBBUu9rgYZCWX9BrWuhzUHfWaL/632,207,975
633,https://gateway.pinata.cloud/ipfs/QmWZZZFgcjJEN2CAoGmWcBBUu9rgYZCWX9BrWuhzUHfWaL/633,219,812
634,https://gateway.pinata.cloud/ipfs/QmWZZZFgcjJEN2CAoGmWcBBUu9rgYZCWX9BrWuhzUHfWaL/634,218,825
635,https://gateway.pinata.cloud/ipfs/QmWZZZFgcjJEN2CAoGmWcBBUu9rgYZCWX9BrWuhzUHfWaL/635,215,887
636,https://gateway.pinata.cloud/ipfs/QmWZZZFgcjJEN2CAoGmWcBBUu9rgYZCWX9BrWuhzUHfWaL/636,241,241
637,https://gateway.pinata.cloud/ipfs/QmWZZZFgcjJEN2CAoGmWcBBUu9rgYZCWX9BrWuhzUHfWaL/637,208,966
638,https://gateway.pinata.cloud/ipfs/QmWZZZFgcjJEN2CAoGmWcBBUu9rgYZCWX9BrWuhzUHfWaL/638,230,498
639,https://gateway.pinata.cloud/ipfs/QmWZZZFgcjJEN2CAoGmWcBBUu9rgYZCWX9BrWuhzUHfWaL/639,231,476
640,https://gateway.pinata.cloud/ipfs/QmWZZZFgcjJEN2CAoGmWcBBUu9rgYZCWX9BrWuhzUHfWaL/640,230,499
641,https://gateway.pinata.cloud/ipfs/QmWZZZFgcjJEN2CAoGmWcBBUu9rgYZCWX9BrWuhzUHfWaL/641,221,766
642,https://gateway.pinata.cloud/ipfs/QmWZZZFgcjJEN2CAoGmWcBBUu9rgYZCWX9BrWuhzUHfWaL/642,217,842
643,https://gateway.pinata.cloud/ipfs/QmWZZZFgcjJEN2CAoGmWcBBUu9rgYZCWX9BrWuhzUHfWaL/643,215,888
644,https://gateway.pinata.cloud/ipfs/QmWZZZFgcjJEN2CAoGmWcBBUu9rgYZCWX9BrWuhzUHfWaL/644,224,669
645,https://gateway.pinata.cloud/ipfs/QmWZZZFgcjJEN2CAoGmWcBBUu9rgYZCWX9BrWuhzUHfWaL/645,230,500
646,https://gateway.pinata.cloud/ipfs/QmWZZZFgcjJEN2CAoGmWcBBUu9rgYZCWX9BrWuhzUHfWaL/646,246,164
647,https://gateway.pinata.cloud/ipfs/QmWZZZFgcjJEN2CAoGmWcBBUu9rgYZCWX9BrWuhzUHfWaL/647,260,52
648,https://gateway.pinata.cloud/ipfs/QmWZZZFgcjJEN2CAoGmWcBBUu9rgYZCWX9BrWuhzUHfWaL/648,227,584
649,https://gateway.pinata.cloud/ipfs/QmWZZZFgcjJEN2CAoGmWcBBUu9rgYZCWX9BrWuhzUHfWaL/649,236,344
650,https://gateway.pinata.cloud/ipfs/QmWZZZFgcjJEN2CAoGmWcBBUu9rgYZCWX9BrWuhzUHfWaL/650,259,58
651,https://gateway.pinata.cloud/ipfs/QmWZZZFgcjJEN2CAoGmWcBBUu9rgYZCWX9BrWuhzUHfWaL/651,252,113
652,https://gateway.pinata.cloud/ipfs/QmWZZZFgcjJEN2CAoGmWcBBUu9rgYZCWX9BrWuhzUHfWaL/652,229,522
653,https://gateway.pinata.cloud/ipfs/QmWZZZFgcjJEN2CAoGmWcBBUu9rgYZCWX9BrWuhzUHfWaL/653,215,889
654,https://gateway.pinata.cloud/ipfs/QmWZZZFgcjJEN2CAoGmWcBBUu9rgYZCWX9BrWuhzUHfWaL/654,199,1000
655,https://gateway.pinata.cloud/ipfs/QmWZZZFgcjJEN2CAoGmWcBBUu9rgYZCWX9BrWuhzUHfWaL/655,220,790
656,https://gateway.pinata.cloud/ipfs/QmWZZZFgcjJEN2CAoGmWcBBUu9rgYZCWX9BrWuhzUHfWaL/656,217,843
657,https://gateway.pinata.cloud/ipfs/QmWZZZFgcjJEN2CAoGmWcBBUu9rgYZCWX9BrWuhzUHfWaL/657,221,767
658,https://gateway.pinata.cloud/ipfs/QmWZZZFgcjJEN2CAoGmWcBBUu9rgYZCWX9BrWuhzUHfWaL/658,238,299
659,https://gateway.pinata.cloud/ipfs/QmWZZZFgcjJEN2CAoGmWcBBUu9rgYZCWX9BrWuhzUHfWaL/659,222,734
660,https://gateway.pinata.cloud/ipfs/QmWZZZFgcjJEN2CAoGmWcBBUu9rgYZCWX9BrWuhzUHfWaL/660,223,693
661,https://gateway.pinata.cloud/ipfs/QmWZZZFgcjJEN2CAoGmWcBBUu9rgYZCWX9BrWuhzUHfWaL/661,226,614
662,https://gateway.pinata.cloud/ipfs/QmWZZZFgcjJEN2CAoGmWcBBUu9rgYZCWX9BrWuhzUHfWaL/662,219,813
663,https://gateway.pinata.cloud/ipfs/QmWZZZFgcjJEN2CAoGmWcBBUu9rgYZCWX9BrWuhzUHfWaL/663,232,438
664,https://gateway.pinata.cloud/ipfs/QmWZZZFgcjJEN2CAoGmWcBBUu9rgYZCWX9BrWuhzUHfWaL/664,229,523
665,https://gateway.pinata.cloud/ipfs/QmWZZZFgcjJEN2CAoGmWcBBUu9rgYZCWX9BrWuhzUHfWaL/665,234,388
666,https://gateway.pinata.cloud/ipfs/QmWZZZFgcjJEN2CAoGmWcBBUu9rgYZCWX9BrWuhzUHfWaL/666,222,735
667,https://gateway.pinata.cloud/ipfs/QmWZZZFgcjJEN2CAoGmWcBBUu9rgYZCWX9BrWuhzUHfWaL/667,223,694
668,https://gateway.pinata.cloud/ipfs/QmWZZZFgcjJEN2CAoGmWcBBUu9rgYZCWX9BrWuhzUHfWaL/668,230,501
669,https://gateway.pinata.cloud/ipfs/QmWZZZFgcjJEN2CAoGmWcBBUu9rgYZCWX9BrWuhzUHfWaL/669,249,140
670,https://gateway.pinata.cloud/ipfs/QmWZZZFgcjJEN2CAoGmWcBBUu9rgYZCWX9BrWuhzUHfWaL/670,212,931
671,https://gateway.pinata.cloud/ipfs/QmWZZZFgcjJEN2CAoGmWcBBUu9rgYZCWX9BrWuhzUHfWaL/671,232,439
672,https://gateway.pinata.cloud/ipfs/QmWZZZFgcjJEN2CAoGmWcBBUu9rgYZCWX9BrWuhzUHfWaL/672,213,923
673,https://gateway.pinata.cloud/ipfs/QmWZZZFgcjJEN2CAoGmWcBBUu9rgYZCWX9BrWuhzUHfWaL/673,222,736
674,https://gateway.pinata.cloud/ipfs/QmWZZZFgcjJEN2CAoGmWcBBUu9rgYZCWX9BrWuhzUHfWaL/674,223,695
675,https://gateway.pinata.cloud/ipfs/QmWZZZFgcjJEN2CAoGmWcBBUu9rgYZCWX9BrWuhzUHfWaL/675,222,737
676,https://gateway.pinata.cloud/ipfs/QmWZZZFgcjJEN2CAoGmWcBBUu9rgYZCWX9BrWuhzUHfWaL/676,218,826
677,https://gateway.pinata.cloud/ipfs/QmWZZZFgcjJEN2CAoGmWcBBUu9rgYZCWX9BrWuhzUHfWaL/677,221,768
678,https://gateway.pinata.cloud/ipfs/QmWZZZFgcjJEN2CAoGmWcBBUu9rgYZCWX9BrWuhzUHfWaL/678,237,323
679,https://gateway.pinata.cloud/ipfs/QmWZZZFgcjJEN2CAoGmWcBBUu9rgYZCWX9BrWuhzUHfWaL/679,220,791
680,https://gateway.pinata.cloud/ipfs/QmWZZZFgcjJEN2CAoGmWcBBUu9rgYZCWX9BrWuhzUHfWaL/680,226,615
681,https://gateway.pinata.cloud/ipfs/QmWZZZFgcjJEN2CAoGmWcBBUu9rgYZCWX9BrWuhzUHfWaL/681,233,410
682,https://gateway.pinata.cloud/ipfs/QmWZZZFgcjJEN2CAoGmWcBBUu9rgYZCWX9BrWuhzUHfWaL/682,205,988
683,https://gateway.pinata.cloud/ipfs/QmWZZZFgcjJEN2CAoGmWcBBUu9rgYZCWX9BrWuhzUHfWaL/683,237,324
684,https://gateway.pinata.cloud/ipfs/QmWZZZFgcjJEN2CAoGmWcBBUu9rgYZCWX9BrWuhzUHfWaL/684,217,844
685,https://gateway.pinata.cloud/ipfs/QmWZZZFgcjJEN2CAoGmWcBBUu9rgYZCWX9BrWuhzUHfWaL/685,227,585
686,https://gateway.pinata.cloud/ipfs/QmWZZZFgcjJEN2CAoGmWcBBUu9rgYZCWX9BrWuhzUHfWaL/686,275,8
687,https://gateway.pinata.cloud/ipfs/QmWZZZFgcjJEN2CAoGmWcBBUu9rgYZCWX9BrWuhzUHfWaL/687,239,275
688,https://gateway.pinata.cloud/ipfs/QmWZZZFgcjJEN2CAoGmWcBBUu9rgYZCWX9BrWuhzUHfWaL/688,236,345
689,https://gateway.pinata.cloud/ipfs/QmWZZZFgcjJEN2CAoGmWcBBUu9rgYZCWX9BrWuhzUHfWaL/689,233,411
690,https://gateway.pinata.cloud/ipfs/QmWZZZFgcjJEN2CAoGmWcBBUu9rgYZCWX9BrWuhzUHfWaL/690,228,552
691,https://gateway.pinata.cloud/ipfs/QmWZZZFgcjJEN2CAoGmWcBBUu9rgYZCWX9BrWuhzUHfWaL/691,220,792
692,https://gateway.pinata.cloud/ipfs/QmWZZZFgcjJEN2CAoGmWcBBUu9rgYZCWX9BrWuhzUHfWaL/692,213,924
693,https://gateway.pinata.cloud/ipfs/QmWZZZFgcjJEN2CAoGmWcBBUu9rgYZCWX9BrWuhzUHfWaL/693,217,845
694,https://gateway.pinata.cloud/ipfs/QmWZZZFgcjJEN2CAoGmWcBBUu9rgYZCWX9BrWuhzUHfWaL/694,221,769
695,https://gateway.pinata.cloud/ipfs/QmWZZZFgcjJEN2CAoGmWcBBUu9rgYZCWX9BrWuhzUHfWaL/695,229,524
696,https://gateway.pinata.cloud/ipfs/QmWZZZFgcjJEN2CAoGmWcBBUu9rgYZCWX9BrWuhzUHfWaL/696,225,636
697,https://gateway.pinata.cloud/ipfs/QmWZZZFgcjJEN2CAoGmWcBBUu9rgYZCWX9BrWuhzUHfWaL/697,231,477
698,https://gateway.pinata.cloud/ipfs/QmWZZZFgcjJEN2CAoGmWcBBUu9rgYZCWX9BrWuhzUHfWaL/698,232,440
699,https://gateway.pinata.cloud/ipfs/QmWZZZFgcjJEN2CAoGmWcBBUu9rgYZCWX9BrWuhzUHfWaL/699,203,995
700,https://gateway.pinata.cloud/ipfs/QmWZZZFgcjJEN2CAoGmWcBBUu9rgYZCWX9BrWuhzUHfWaL/700,235,366
701,https://gateway.pinata.cloud/ipfs/QmWZZZFgcjJEN2CAoGmWcBBUu9rgYZCWX9BrWuhzUHfWaL/701,223,696
702,https://gateway.pinata.cloud/ipfs/QmWZZZFgcjJEN2CAoGmWcBBUu9rgYZCWX9BrWuhzUHfWaL/702,251,121
703,https://gateway.pinata.cloud/ipfs/QmWZZZFgcjJEN2CAoGmWcBBUu9rgYZCWX9BrWuhzUHfWaL/703,229,525
704,https://gateway.pinata.cloud/ipfs/QmWZZZFgcjJEN2CAoGmWcBBUu9rgYZCWX9BrWuhzUHfWaL/704,210,953
705,https://gateway.pinata.cloud/ipfs/QmWZZZFgcjJEN2CAoGmWcBBUu9rgYZCWX9BrWuhzUHfWaL/705,237,325
706,https://gateway.pinata.cloud/ipfs/QmWZZZFgcjJEN2CAoGmWcBBUu9rgYZCWX9BrWuhzUHfWaL/706,231,478
707,https://gateway.pinata.cloud/ipfs/QmWZZZFgcjJEN2CAoGmWcBBUu9rgYZCWX9BrWuhzUHfWaL/707,223,697
708,https://gateway.pinata.cloud/ipfs/QmWZZZFgcjJEN2CAoGmWcBBUu9rgYZCWX9BrWuhzUHfWaL/708,221,770
709,https://gateway.pinata.cloud/ipfs/QmWZZZFgcjJEN2CAoGmWcBBUu9rgYZCWX9BrWuhzUHfWaL/709,217,846
710,https://gateway.pinata.cloud/ipfs/QmWZZZFgcjJEN2CAoGmWcBBUu9rgYZCWX9BrWuhzUHfWaL/710,222,738
711,https://gateway.pinata.cloud/ipfs/QmWZZZFgcjJEN2CAoGmWcBBUu9rgYZCWX9BrWuhzUHfWaL/711,242,222
712,https://gateway.pinata.cloud/ipfs/QmWZZZFgcjJEN2CAoGmWcBBUu9rgYZCWX9BrWuhzUHfWaL/712,240,254
713,https://gateway.pinata.cloud/ipfs/QmWZZZFgcjJEN2CAoGmWcBBUu9rgYZCWX9BrWuhzUHfWaL/713,267,20
714,https://gateway.pinata.cloud/ipfs/QmWZZZFgcjJEN2CAoGmWcBBUu9rgYZCWX9BrWuhzUHfWaL/714,222,739
715,https://gateway.pinata.cloud/ipfs/QmWZZZFgcjJEN2CAoGmWcBBUu9rgYZCWX9BrWuhzUHfWaL/715,207,976
716,https://gateway.pinata.cloud/ipfs/QmWZZZFgcjJEN2CAoGmWcBBUu9rgYZCWX9BrWuhzUHfWaL/716,255,86
717,https://gateway.pinata.cloud/ipfs/QmWZZZFgcjJEN2CAoGmWcBBUu9rgYZCWX9BrWuhzUHfWaL/717,238,300
718,https://gateway.pinata.cloud/ipfs/QmWZZZFgcjJEN2CAoGmWcBBUu9rgYZCWX9BrWuhzUHfWaL/718,239,276
719,https://gateway.pinata.cloud/ipfs/QmWZZZFgcjJEN2CAoGmWcBBUu9rgYZCWX9BrWuhzUHfWaL/719,222,740
720,https://gateway.pinata.cloud/ipfs/QmWZZZFgcjJEN2CAoGmWcBBUu9rgYZCWX9BrWuhzUHfWaL/720,240,255
721,https://gateway.pinata.cloud/ipfs/QmWZZZFgcjJEN2CAoGmWcBBUu9rgYZCWX9BrWuhzUHfWaL/721,256,78
722,https://gateway.pinata.cloud/ipfs/QmWZZZFgcjJEN2CAoGmWcBBUu9rgYZCWX9BrWuhzUHfWaL/722,232,441
723,https://gateway.pinata.cloud/ipfs/QmWZZZFgcjJEN2CAoGmWcBBUu9rgYZCWX9BrWuhzUHfWaL/723,228,553
724,https://gateway.pinata.cloud/ipfs/QmWZZZFgcjJEN2CAoGmWcBBUu9rgYZCWX9BrWuhzUHfWaL/724,232,442
725,https://gateway.pinata.cloud/ipfs/QmWZZZFgcjJEN2CAoGmWcBBUu9rgYZCWX9BrWuhzUHfWaL/725,244,186
726,https://gateway.pinata.cloud/ipfs/QmWZZZFgcjJEN2CAoGmWcBBUu9rgYZCWX9BrWuhzUHfWaL/726,208,967
727,https://gateway.pinata.cloud/ipfs/QmWZZZFgcjJEN2CAoGmWcBBUu9rgYZCWX9BrWuhzUHfWaL/727,254,95
728,https://gateway.pinata.cloud/ipfs/QmWZZZFgcjJEN2CAoGmWcBBUu9rgYZCWX9BrWuhzUHfWaL/728,232,443
729,https://gateway.pinata.cloud/ipfs/QmWZZZFgcjJEN2CAoGmWcBBUu9rgYZCWX9BrWuhzUHfWaL/729,233,412
730,https://gateway.pinata.cloud/ipfs/QmWZZZFgcjJEN2CAoGmWcBBUu9rgYZCWX9BrWuhzUHfWaL/730,240,256
731,https://gateway.pinata.cloud/ipfs/QmWZZZFgcjJEN2CAoGmWcBBUu9rgYZCWX9BrWuhzUHfWaL/731,221,771
732,https://gateway.pinata.cloud/ipfs/QmWZZZFgcjJEN2CAoGmWcBBUu9rgYZCWX9BrWuhzUHfWaL/732,268,18
733,https://gateway.pinata.cloud/ipfs/QmWZZZFgcjJEN2CAoGmWcBBUu9rgYZCWX9BrWuhzUHfWaL/733,235,367
734,https://gateway.pinata.cloud/ipfs/QmWZZZFgcjJEN2CAoGmWcBBUu9rgYZCWX9BrWuhzUHfWaL/734,240,257
735,https://gateway.pinata.cloud/ipfs/QmWZZZFgcjJEN2CAoGmWcBBUu9rgYZCWX9BrWuhzUHfWaL/735,250,130
736,https://gateway.pinata.cloud/ipfs/QmWZZZFgcjJEN2CAoGmWcBBUu9rgYZCWX9BrWuhzUHfWaL/736,207,977
737,https://gateway.pinata.cloud/ipfs/QmWZZZFgcjJEN2CAoGmWcBBUu9rgYZCWX9BrWuhzUHfWaL/737,266,23
738,https://gateway.pinata.cloud/ipfs/QmWZZZFgcjJEN2CAoGmWcBBUu9rgYZCWX9BrWuhzUHfWaL/738,255,87
739,https://gateway.pinata.cloud/ipfs/QmWZZZFgcjJEN2CAoGmWcBBUu9rgYZCWX9BrWuhzUHfWaL/739,276,7
740,https://gateway.pinata.cloud/ipfs/QmWZZZFgcjJEN2CAoGmWcBBUu9rgYZCWX9BrWuhzUHfWaL/740,221,772
741,https://gateway.pinata.cloud/ipfs/QmWZZZFgcjJEN2CAoGmWcBBUu9rgYZCWX9BrWuhzUHfWaL/741,253,106
742,https://gateway.pinata.cloud/ipfs/QmWZZZFgcjJEN2CAoGmWcBBUu9rgYZCWX9BrWuhzUHfWaL/742,254,96
743,https://gateway.pinata.cloud/ipfs/QmWZZZFgcjJEN2CAoGmWcBBUu9rgYZCWX9BrWuhzUHfWaL/743,227,586
744,https://gateway.pinata.cloud/ipfs/QmWZZZFgcjJEN2CAoGmWcBBUu9rgYZCWX9BrWuhzUHfWaL/744,237,326
745,https://gateway.pinata.cloud/ipfs/QmWZZZFgcjJEN2CAoGmWcBBUu9rgYZCWX9BrWuhzUHfWaL/745,217,847
746,https://gateway.pinata.cloud/ipfs/QmWZZZFgcjJEN2CAoGmWcBBUu9rgYZCWX9BrWuhzUHfWaL/746,241,242
747,https://gateway.pinata.cloud/ipfs/QmWZZZFgcjJEN2CAoGmWcBBUu9rgYZCWX9BrWuhzUHfWaL/747,257,72
748,https://gateway.pinata.cloud/ipfs/QmWZZZFgcjJEN2CAoGmWcBBUu9rgYZCWX9BrWuhzUHfWaL/748,280,3
749,https://gateway.pinata.cloud/ipfs/QmWZZZFgcjJEN2CAoGmWcBBUu9rgYZCWX9BrWuhzUHfWaL/749,223,698
750,https://gateway.pinata.cloud/ipfs/QmWZZZFgcjJEN2CAoGmWcBBUu9rgYZCWX9BrWuhzUHfWaL/750,228,554
751,https://gateway.pinata.cloud/ipfs/QmWZZZFgcjJEN2CAoGmWcBBUu9rgYZCWX9BrWuhzUHfWaL/751,235,368
752,https://gateway.pinata.cloud/ipfs/QmWZZZFgcjJEN2CAoGmWcBBUu9rgYZCWX9BrWuhzUHfWaL/752,229,526
753,https://gateway.pinata.cloud/ipfs/QmWZZZFgcjJEN2CAoGmWcBBUu9rgYZCWX9BrWuhzUHfWaL/753,236,346
754,https://gateway.pinata.cloud/ipfs/QmWZZZFgcjJEN2CAoGmWcBBUu9rgYZCWX9BrWuhzUHfWaL/754,232,444
755,https://gateway.pinata.cloud/ipfs/QmWZZZFgcjJEN2CAoGmWcBBUu9rgYZCWX9BrWuhzUHfWaL/755,249,141
756,https://gateway.pinata.cloud/ipfs/QmWZZZFgcjJEN2CAoGmWcBBUu9rgYZCWX9BrWuhzUHfWaL/756,259,59
757,https://gateway.pinata.cloud/ipfs/QmWZZZFgcjJEN2CAoGmWcBBUu9rgYZCWX9BrWuhzUHfWaL/757,219,814
758,https://gateway.pinata.cloud/ipfs/QmWZZZFgcjJEN2CAoGmWcBBUu9rgYZCWX9BrWuhzUHfWaL/758,222,741
759,https://gateway.pinata.cloud/ipfs/QmWZZZFgcjJEN2CAoGmWcBBUu9rgYZCWX9BrWuhzUHfWaL/759,241,243
760,https://gateway.pinata.cloud/ipfs/QmWZZZFgcjJEN2CAoGmWcBBUu9rgYZCWX9BrWuhzUHfWaL/760,236,347
761,https://gateway.pinata.cloud/ipfs/QmWZZZFgcjJEN2CAoGmWcBBUu9rgYZCWX9BrWuhzUHfWaL/761,229,527
762,https://gateway.pinata.cloud/ipfs/QmWZZZFgcjJEN2CAoGmWcBBUu9rgYZCWX9BrWuhzUHfWaL/762,216,873
763,https://gateway.pinata.cloud/ipfs/QmWZZZFgcjJEN2CAoGmWcBBUu9rgYZCWX9BrWuhzUHfWaL/763,234,389
764,https://gateway.pinata.cloud/ipfs/QmWZZZFgcjJEN2CAoGmWcBBUu9rgYZCWX9BrWuhzUHfWaL/764,228,555
765,https://gateway.pinata.cloud/ipfs/QmWZZZFgcjJEN2CAoGmWcBBUu9rgYZCWX9BrWuhzUHfWaL/765,218,827
766,https://gateway.pinata.cloud/ipfs/QmWZZZFgcjJEN2CAoGmWcBBUu9rgYZCWX9BrWuhzUHfWaL/766,233,413
767,https://gateway.pinata.cloud/ipfs/QmWZZZFgcjJEN2CAoGmWcBBUu9rgYZCWX9BrWuhzUHfWaL/767,220,793
768,https://gateway.pinata.cloud/ipfs/QmWZZZFgcjJEN2CAoGmWcBBUu9rgYZCWX9BrWuhzUHfWaL/768,236,348
769,https://gateway.pinata.cloud/ipfs/QmWZZZFgcjJEN2CAoGmWcBBUu9rgYZCWX9BrWuhzUHfWaL/769,264,35
770,https://gateway.pinata.cloud/ipfs/QmWZZZFgcjJEN2CAoGmWcBBUu9rgYZCWX9BrWuhzUHfWaL/770,236,349
771,https://gateway.pinata.cloud/ipfs/QmWZZZFgcjJEN2CAoGmWcBBUu9rgYZCWX9BrWuhzUHfWaL/771,212,932
772,https://gateway.pinata.cloud/ipfs/QmWZZZFgcjJEN2CAoGmWcBBUu9rgYZCWX9BrWuhzUHfWaL/772,257,73
773,https://gateway.pinata.cloud/ipfs/QmWZZZFgcjJEN2CAoGmWcBBUu9rgYZCWX9BrWuhzUHfWaL/773,233,414
774,https://gateway.pinata.cloud/ipfs/QmWZZZFgcjJEN2CAoGmWcBBUu9rgYZCWX9BrWuhzUHfWaL/774,221,773
775,https://gateway.pinata.cloud/ipfs/QmWZZZFgcjJEN2CAoGmWcBBUu9rgYZCWX9BrWuhzUHfWaL/775,225,637
776,https://gateway.pinata.cloud/ipfs/QmWZZZFgcjJEN2CAoGmWcBBUu9rgYZCWX9BrWuhzUHfWaL/776,237,327
777,https://gateway.pinata.cloud/ipfs/QmWZZZFgcjJEN2CAoGmWcBBUu9rgYZCWX9BrWuhzUHfWaL/777,235,369
778,https://gateway.pinata.cloud/ipfs/QmWZZZFgcjJEN2CAoGmWcBBUu9rgYZCWX9BrWuhzUHfWaL/778,228,556
779,https://gateway.pinata.cloud/ipfs/QmWZZZFgcjJEN2CAoGmWcBBUu9rgYZCWX9BrWuhzUHfWaL/779,220,794
780,https://gateway.pinata.cloud/ipfs/QmWZZZFgcjJEN2CAoGmWcBBUu9rgYZCWX9BrWuhzUHfWaL/780,222,742
781,https://gateway.pinata.cloud/ipfs/QmWZZZFgcjJEN2CAoGmWcBBUu9rgYZCWX9BrWuhzUHfWaL/781,240,258
782,https://gateway.pinata.cloud/ipfs/QmWZZZFgcjJEN2CAoGmWcBBUu9rgYZCWX9BrWuhzUHfWaL/782,231,479
783,https://gateway.pinata.cloud/ipfs/QmWZZZFgcjJEN2CAoGmWcBBUu9rgYZCWX9BrWuhzUHfWaL/783,231,480
784,https://gateway.pinata.cloud/ipfs/QmWZZZFgcjJEN2CAoGmWcBBUu9rgYZCWX9BrWuhzUHfWaL/784,222,743
785,https://gateway.pinata.cloud/ipfs/QmWZZZFgcjJEN2CAoGmWcBBUu9rgYZCWX9BrWuhzUHfWaL/785,217,848
786,https://gateway.pinata.cloud/ipfs/QmWZZZFgcjJEN2CAoGmWcBBUu9rgYZCWX9BrWuhzUHfWaL/786,216,874
787,https://gateway.pinata.cloud/ipfs/QmWZZZFgcjJEN2CAoGmWcBBUu9rgYZCWX9BrWuhzUHfWaL/787,243,200
788,https://gateway.pinata.cloud/ipfs/QmWZZZFgcjJEN2CAoGmWcBBUu9rgYZCWX9BrWuhzUHfWaL/788,250,131
789,https://gateway.pinata.cloud/ipfs/QmWZZZFgcjJEN2CAoGmWcBBUu9rgYZCWX9BrWuhzUHfWaL/789,256,79
790,https://gateway.pinata.cloud/ipfs/QmWZZZFgcjJEN2CAoGmWcBBUu9rgYZCWX9BrWuhzUHfWaL/790,220,795
791,https://gateway.pinata.cloud/ipfs/QmWZZZFgcjJEN2CAoGmWcBBUu9rgYZCWX9BrWuhzUHfWaL/791,226,616
792,https://gateway.pinata.cloud/ipfs/QmWZZZFgcjJEN2CAoGmWcBBUu9rgYZCWX9BrWuhzUHfWaL/792,235,370
793,https://gateway.pinata.cloud/ipfs/QmWZZZFgcjJEN2CAoGmWcBBUu9rgYZCWX9BrWuhzUHfWaL/793,243,201
794,https://gateway.pinata.cloud/ipfs/QmWZZZFgcjJEN2CAoGmWcBBUu9rgYZCWX9BrWuhzUHfWaL/794,231,481
795,https://gateway.pinata.cloud/ipfs/QmWZZZFgcjJEN2CAoGmWcBBUu9rgYZCWX9BrWuhzUHfWaL/795,223,699
796,https://gateway.pinata.cloud/ipfs/QmWZZZFgcjJEN2CAoGmWcBBUu9rgYZCWX9BrWuhzUHfWaL/796,208,968
797,https://gateway.pinata.cloud/ipfs/QmWZZZFgcjJEN2CAoGmWcBBUu9rgYZCWX9BrWuhzUHfWaL/797,232,445
798,https://gateway.pinata.cloud/ipfs/QmWZZZFgcjJEN2CAoGmWcBBUu9rgYZCWX9BrWuhzUHfWaL/798,243,202
799,https://gateway.pinata.cloud/ipfs/QmWZZZFgcjJEN2CAoGmWcBBUu9rgYZCWX9BrWuhzUHfWaL/799,252,114
800,https://gateway.pinata.cloud/ipfs/QmWZZZFgcjJEN2CAoGmWcBBUu9rgYZCWX9BrWuhzUHfWaL/800,233,415
801,https://gateway.pinata.cloud/ipfs/QmWZZZFgcjJEN2CAoGmWcBBUu9rgYZCWX9BrWuhzUHfWaL/801,217,849
802,https://gateway.pinata.cloud/ipfs/QmWZZZFgcjJEN2CAoGmWcBBUu9rgYZCWX9BrWuhzUHfWaL/802,231,482
803,https://gateway.pinata.cloud/ipfs/QmWZZZFgcjJEN2CAoGmWcBBUu9rgYZCWX9BrWuhzUHfWaL/803,226,617
804,https://gateway.pinata.cloud/ipfs/QmWZZZFgcjJEN2CAoGmWcBBUu9rgYZCWX9BrWuhzUHfWaL/804,220,796
805,https://gateway.pinata.cloud/ipfs/QmWZZZFgcjJEN2CAoGmWcBBUu9rgYZCWX9BrWuhzUHfWaL/805,225,638
806,https://gateway.pinata.cloud/ipfs/QmWZZZFgcjJEN2CAoGmWcBBUu9rgYZCWX9BrWuhzUHfWaL/806,234,390
807,https://gateway.pinata.cloud/ipfs/QmWZZZFgcjJEN2CAoGmWcBBUu9rgYZCWX9BrWuhzUHfWaL/807,211,945
808,https://gateway.pinata.cloud/ipfs/QmWZZZFgcjJEN2CAoGmWcBBUu9rgYZCWX9BrWuhzUHfWaL/808,267,21
809,https://gateway.pinata.cloud/ipfs/QmWZZZFgcjJEN2CAoGmWcBBUu9rgYZCWX9BrWuhzUHfWaL/809,243,203
810,https://gateway.pinata.cloud/ipfs/QmWZZZFgcjJEN2CAoGmWcBBUu9rgYZCWX9BrWuhzUHfWaL/810,232,446
811,https://gateway.pinata.cloud/ipfs/QmWZZZFgcjJEN2CAoGmWcBBUu9rgYZCWX9BrWuhzUHfWaL/811,223,700
812,https://gateway.pinata.cloud/ipfs/QmWZZZFgcjJEN2CAoGmWcBBUu9rgYZCWX9BrWuhzUHfWaL/812,234,391
813,https://gateway.pinata.cloud/ipfs/QmWZZZFgcjJEN2CAoGmWcBBUu9rgYZCWX9BrWuhzUHfWaL/813,222,744
814,https://gateway.pinata.cloud/ipfs/QmWZZZFgcjJEN2CAoGmWcBBUu9rgYZCWX9BrWuhzUHfWaL/814,240,259
815,https://gateway.pinata.cloud/ipfs/QmWZZZFgcjJEN2CAoGmWcBBUu9rgYZCWX9BrWuhzUHfWaL/815,225,639
816,https://gateway.pinata.cloud/ipfs/QmWZZZFgcjJEN2CAoGmWcBBUu9rgYZCWX9BrWuhzUHfWaL/816,217,850
817,https://gateway.pinata.cloud/ipfs/QmWZZZFgcjJEN2CAoGmWcBBUu9rgYZCWX9BrWuhzUHfWaL/817,248,148
818,https://gateway.pinata.cloud/ipfs/QmWZZZFgcjJEN2CAoGmWcBBUu9rgYZCWX9BrWuhzUHfWaL/818,242,223
819,https://gateway.pinata.cloud/ipfs/QmWZZZFgcjJEN2CAoGmWcBBUu9rgYZCWX9BrWuhzUHfWaL/819,229,528
820,https://gateway.pinata.cloud/ipfs/QmWZZZFgcjJEN2CAoGmWcBBUu9rgYZCWX9BrWuhzUHfWaL/820,226,618
821,https://gateway.pinata.cloud/ipfs/QmWZZZFgcjJEN2CAoGmWcBBUu9rgYZCWX9BrWuhzUHfWaL/821,244,187
822,https://gateway.pinata.cloud/ipfs/QmWZZZFgcjJEN2CAoGmWcBBUu9rgYZCWX9BrWuhzUHfWaL/822,237,328
823,https://gateway.pinata.cloud/ipfs/QmWZZZFgcjJEN2CAoGmWcBBUu9rgYZCWX9BrWuhzUHfWaL/823,233,416
824,https://gateway.pinata.cloud/ipfs/QmWZZZFgcjJEN2CAoGmWcBBUu9rgYZCWX9BrWuhzUHfWaL/824,223,701
825,https://gateway.pinata.cloud/ipfs/QmWZZZFgcjJEN2CAoGmWcBBUu9rgYZCWX9BrWuhzUHfWaL/825,229,529
826,https://gateway.pinata.cloud/ipfs/QmWZZZFgcjJEN2CAoGmWcBBUu9rgYZCWX9BrWuhzUHfWaL/826,223,702
827,https://gateway.pinata.cloud/ipfs/QmWZZZFgcjJEN2CAoGmWcBBUu9rgYZCWX9BrWuhzUHfWaL/827,216,875
828,https://gateway.pinata.cloud/ipfs/QmWZZZFgcjJEN2CAoGmWcBBUu9rgYZCWX9BrWuhzUHfWaL/828,224,670
829,https://gateway.pinata.cloud/ipfs/QmWZZZFgcjJEN2CAoGmWcBBUu9rgYZCWX9BrWuhzUHfWaL/829,223,703
830,https://gateway.pinata.cloud/ipfs/QmWZZZFgcjJEN2CAoGmWcBBUu9rgYZCWX9BrWuhzUHfWaL/830,207,978
831,https://gateway.pinata.cloud/ipfs/QmWZZZFgcjJEN2CAoGmWcBBUu9rgYZCWX9BrWuhzUHfWaL/831,229,530
832,https://gateway.pinata.cloud/ipfs/QmWZZZFgcjJEN2CAoGmWcBBUu9rgYZCWX9BrWuhzUHfWaL/832,238,301
833,https://gateway.pinata.cloud/ipfs/QmWZZZFgcjJEN2CAoGmWcBBUu9rgYZCWX9BrWuhzUHfWaL/833,227,587
834,https://gateway.pinata.cloud/ipfs/QmWZZZFgcjJEN2CAoGmWcBBUu9rgYZCWX9BrWuhzUHfWaL/834,217,851
835,https://gateway.pinata.cloud/ipfs/QmWZZZFgcjJEN2CAoGmWcBBUu9rgYZCWX9BrWuhzUHfWaL/835,235,371
836,https://gateway.pinata.cloud/ipfs/QmWZZZFgcjJEN2CAoGmWcBBUu9rgYZCWX9BrWuhzUHfWaL/836,225,640
837,https://gateway.pinata.cloud/ipfs/QmWZZZFgcjJEN2CAoGmWcBBUu9rgYZCWX9BrWuhzUHfWaL/837,218,828
838,https://gateway.pinata.cloud/ipfs/QmWZZZFgcjJEN2CAoGmWcBBUu9rgYZCWX9BrWuhzUHfWaL/838,223,704
839,https://gateway.pinata.cloud/ipfs/QmWZZZFgcjJEN2CAoGmWcBBUu9rgYZCWX9BrWuhzUHfWaL/839,244,188
840,https://gateway.pinata.cloud/ipfs/QmWZZZFgcjJEN2CAoGmWcBBUu9rgYZCWX9BrWuhzUHfWaL/840,232,447
841,https://gateway.pinata.cloud/ipfs/QmWZZZFgcjJEN2CAoGmWcBBUu9rgYZCWX9BrWuhzUHfWaL/841,219,815
842,https://gateway.pinata.cloud/ipfs/QmWZZZFgcjJEN2CAoGmWcBBUu9rgYZCWX9BrWuhzUHfWaL/842,223,705
843,https://gateway.pinata.cloud/ipfs/QmWZZZFgcjJEN2CAoGmWcBBUu9rgYZCWX9BrWuhzUHfWaL/843,252,115
844,https://gateway.pinata.cloud/ipfs/QmWZZZFgcjJEN2CAoGmWcBBUu9rgYZCWX9BrWuhzUHfWaL/844,245,175
845,https://gateway.pinata.cloud/ipfs/QmWZZZFgcjJEN2CAoGmWcBBUu9rgYZCWX9BrWuhzUHfWaL/845,207,979
846,https://gateway.pinata.cloud/ipfs/QmWZZZFgcjJEN2CAoGmWcBBUu9rgYZCWX9BrWuhzUHfWaL/846,219,816
847,https://gateway.pinata.cloud/ipfs/QmWZZZFgcjJEN2CAoGmWcBBUu9rgYZCWX9BrWuhzUHfWaL/847,242,224
848,https://gateway.pinata.cloud/ipfs/QmWZZZFgcjJEN2CAoGmWcBBUu9rgYZCWX9BrWuhzUHfWaL/848,243,204
849,https://gateway.pinata.cloud/ipfs/QmWZZZFgcjJEN2CAoGmWcBBUu9rgYZCWX9BrWuhzUHfWaL/849,242,225
850,https://gateway.pinata.cloud/ipfs/QmWZZZFgcjJEN2CAoGmWcBBUu9rgYZCWX9BrWuhzUHfWaL/850,210,954
851,https://gateway.pinata.cloud/ipfs/QmWZZZFgcjJEN2CAoGmWcBBUu9rgYZCWX9BrWuhzUHfWaL/851,239,277
852,https://gateway.pinata.cloud/ipfs/QmWZZZFgcjJEN2CAoGmWcBBUu9rgYZCWX9BrWuhzUHfWaL/852,220,797
853,https://gateway.pinata.cloud/ipfs/QmWZZZFgcjJEN2CAoGmWcBBUu9rgYZCWX9BrWuhzUHfWaL/853,214,905
854,https://gateway.pinata.cloud/ipfs/QmWZZZFgcjJEN2CAoGmWcBBUu9rgYZCWX9BrWuhzUHfWaL/854,232,448
855,https://gateway.pinata.cloud/ipfs/QmWZZZFgcjJEN2CAoGmWcBBUu9rgYZCWX9BrWuhzUHfWaL/855,238,302
856,https://gateway.pinata.cloud/ipfs/QmWZZZFgcjJEN2CAoGmWcBBUu9rgYZCWX9BrWuhzUHfWaL/856,214,906
857,https://gateway.pinata.cloud/ipfs/QmWZZZFgcjJEN2CAoGmWcBBUu9rgYZCWX9BrWuhzUHfWaL/857,226,619
858,https://gateway.pinata.cloud/ipfs/QmWZZZFgcjJEN2CAoGmWcBBUu9rgYZCWX9BrWuhzUHfWaL/858,215,890
859,https://gateway.pinata.cloud/ipfs/QmWZZZFgcjJEN2CAoGmWcBBUu9rgYZCWX9BrWuhzUHfWaL/859,222,745
860,https://gateway.pinata.cloud/ipfs/QmWZZZFgcjJEN2CAoGmWcBBUu9rgYZCWX9BrWuhzUHfWaL/860,221,774
861,https://gateway.pinata.cloud/ipfs/QmWZZZFgcjJEN2CAoGmWcBBUu9rgYZCWX9BrWuhzUHfWaL/861,217,852
862,https://gateway.pinata.cloud/ipfs/QmWZZZFgcjJEN2CAoGmWcBBUu9rgYZCWX9BrWuhzUHfWaL/862,224,671
863,https://gateway.pinata.cloud/ipfs/QmWZZZFgcjJEN2CAoGmWcBBUu9rgYZCWX9BrWuhzUHfWaL/863,228,557
864,https://gateway.pinata.cloud/ipfs/QmWZZZFgcjJEN2CAoGmWcBBUu9rgYZCWX9BrWuhzUHfWaL/864,212,933
865,https://gateway.pinata.cloud/ipfs/QmWZZZFgcjJEN2CAoGmWcBBUu9rgYZCWX9BrWuhzUHfWaL/865,224,672
866,https://gateway.pinata.cloud/ipfs/QmWZZZFgcjJEN2CAoGmWcBBUu9rgYZCWX9BrWuhzUHfWaL/866,225,641
867,https://gateway.pinata.cloud/ipfs/QmWZZZFgcjJEN2CAoGmWcBBUu9rgYZCWX9BrWuhzUHfWaL/867,230,502
868,https://gateway.pinata.cloud/ipfs/QmWZZZFgcjJEN2CAoGmWcBBUu9rgYZCWX9BrWuhzUHfWaL/868,225,642
869,https://gateway.pinata.cloud/ipfs/QmWZZZFgcjJEN2CAoGmWcBBUu9rgYZCWX9BrWuhzUHfWaL/869,240,260
870,https://gateway.pinata.cloud/ipfs/QmWZZZFgcjJEN2CAoGmWcBBUu9rgYZCWX9BrWuhzUHfWaL/870,202,997
871,https://gateway.pinata.cloud/ipfs/QmWZZZFgcjJEN2CAoGmWcBBUu9rgYZCWX9BrWuhzUHfWaL/871,223,706
872,https://gateway.pinata.cloud/ipfs/QmWZZZFgcjJEN2CAoGmWcBBUu9rgYZCWX9BrWuhzUHfWaL/872,230,503
873,https://gateway.pinata.cloud/ipfs/QmWZZZFgcjJEN2CAoGmWcBBUu9rgYZCWX9BrWuhzUHfWaL/873,220,798
874,https://gateway.pinata.cloud/ipfs/QmWZZZFgcjJEN2CAoGmWcBBUu9rgYZCWX9BrWuhzUHfWaL/874,231,483
875,https://gateway.pinata.cloud/ipfs/QmWZZZFgcjJEN2CAoGmWcBBUu9rgYZCWX9BrWuhzUHfWaL/875,260,53
876,https://gateway.pinata.cloud/ipfs/QmWZZZFgcjJEN2CAoGmWcBBUu9rgYZCWX9BrWuhzUHfWaL/876,249,142
877,https://gateway.pinata.cloud/ipfs/QmWZZZFgcjJEN2CAoGmWcBBUu9rgYZCWX9BrWuhzUHfWaL/877,254,97
878,https://gateway.pinata.cloud/ipfs/QmWZZZFgcjJEN2CAoGmWcBBUu9rgYZCWX9BrWuhzUHfWaL/878,225,643
879,https://gateway.pinata.cloud/ipfs/QmWZZZFgcjJEN2CAoGmWcBBUu9rgYZCWX9BrWuhzUHfWaL/879,273,10
880,https://gateway.pinata.cloud/ipfs/QmWZZZFgcjJEN2CAoGmWcBBUu9rgYZCWX9BrWuhzUHfWaL/880,249,143
881,https://gateway.pinata.cloud/ipfs/QmWZZZFgcjJEN2CAoGmWcBBUu9rgYZCWX9BrWuhzUHfWaL/881,231,484
882,https://gateway.pinata.cloud/ipfs/QmWZZZFgcjJEN2CAoGmWcBBUu9rgYZCWX9BrWuhzUHfWaL/882,237,329
883,https://gateway.pinata.cloud/ipfs/QmWZZZFgcjJEN2CAoGmWcBBUu9rgYZCWX9BrWuhzUHfWaL/883,222,746
884,https://gateway.pinata.cloud/ipfs/QmWZZZFgcjJEN2CAoGmWcBBUu9rgYZCWX9BrWuhzUHfWaL/884,225,644
885,https://gateway.pinata.cloud/ipfs/QmWZZZFgcjJEN2CAoGmWcBBUu9rgYZCWX9BrWuhzUHfWaL/885,288,1
886,https://gateway.pinata.cloud/ipfs/QmWZZZFgcjJEN2CAoGmWcBBUu9rgYZCWX9BrWuhzUHfWaL/886,232,449
887,https://gateway.pinata.cloud/ipfs/QmWZZZFgcjJEN2CAoGmWcBBUu9rgYZCWX9BrWuhzUHfWaL/887,240,261
888,https://gateway.pinata.cloud/ipfs/QmWZZZFgcjJEN2CAoGmWcBBUu9rgYZCWX9BrWuhzUHfWaL/888,233,417
889,https://gateway.pinata.cloud/ipfs/QmWZZZFgcjJEN2CAoGmWcBBUu9rgYZCWX9BrWuhzUHfWaL/889,224,673
890,https://gateway.pinata.cloud/ipfs/QmWZZZFgcjJEN2CAoGmWcBBUu9rgYZCWX9BrWuhzUHfWaL/890,264,36
891,https://gateway.pinata.cloud/ipfs/QmWZZZFgcjJEN2CAoGmWcBBUu9rgYZCWX9BrWuhzUHfWaL/891,237,330
892,https://gateway.pinata.cloud/ipfs/QmWZZZFgcjJEN2CAoGmWcBBUu9rgYZCWX9BrWuhzUHfWaL/892,248,149
893,https://gateway.pinata.cloud/ipfs/QmWZZZFgcjJEN2CAoGmWcBBUu9rgYZCWX9BrWuhzUHfWaL/893,229,531
894,https://gateway.pinata.cloud/ipfs/QmWZZZFgcjJEN2CAoGmWcBBUu9rgYZCWX9BrWuhzUHfWaL/894,245,176
895,https://gateway.pinata.cloud/ipfs/QmWZZZFgcjJEN2CAoGmWcBBUu9rgYZCWX9BrWuhzUHfWaL/895,236,350
896,https://gateway.pinata.cloud/ipfs/QmWZZZFgcjJEN2CAoGmWcBBUu9rgYZCWX9BrWuhzUHfWaL/896,223,707
897,https://gateway.pinata.cloud/ipfs/QmWZZZFgcjJEN2CAoGmWcBBUu9rgYZCWX9BrWuhzUHfWaL/897,214,907
898,https://gateway.pinata.cloud/ipfs/QmWZZZFgcjJEN2CAoGmWcBBUu9rgYZCWX9BrWuhzUHfWaL/898,232,450
899,https://gateway.pinata.cloud/ipfs/QmWZZZFgcjJEN2CAoGmWcBBUu9rgYZCWX9BrWuhzUHfWaL/899,211,946
900,https://gateway.pinata.cloud/ipfs/QmWZZZFgcjJEN2CAoGmWcBBUu9rgYZCWX9BrWuhzUHfWaL/900,219,817
901,https://gateway.pinata.cloud/ipfs/QmWZZZFgcjJEN2CAoGmWcBBUu9rgYZCWX9BrWuhzUHfWaL/901,229,532
902,https://gateway.pinata.cloud/ipfs/QmWZZZFgcjJEN2CAoGmWcBBUu9rgYZCWX9BrWuhzUHfWaL/902,247,154
903,https://gateway.pinata.cloud/ipfs/QmWZZZFgcjJEN2CAoGmWcBBUu9rgYZCWX9BrWuhzUHfWaL/903,253,107
904,https://gateway.pinata.cloud/ipfs/QmWZZZFgcjJEN2CAoGmWcBBUu9rgYZCWX9BrWuhzUHfWaL/904,216,876
905,https://gateway.pinata.cloud/ipfs/QmWZZZFgcjJEN2CAoGmWcBBUu9rgYZCWX9BrWuhzUHfWaL/905,257,74
906,https://gateway.pinata.cloud/ipfs/QmWZZZFgcjJEN2CAoGmWcBBUu9rgYZCWX9BrWuhzUHfWaL/906,219,818
907,https://gateway.pinata.cloud/ipfs/QmWZZZFgcjJEN2CAoGmWcBBUu9rgYZCWX9BrWuhzUHfWaL/907,221,775
908,https://gateway.pinata.cloud/ipfs/QmWZZZFgcjJEN2CAoGmWcBBUu9rgYZCWX9BrWuhzUHfWaL/908,238,303
909,https://gateway.pinata.cloud/ipfs/QmWZZZFgcjJEN2CAoGmWcBBUu9rgYZCWX9BrWuhzUHfWaL/909,262,47
910,https://gateway.pinata.cloud/ipfs/QmWZZZFgcjJEN2CAoGmWcBBUu9rgYZCWX9BrWuhzUHfWaL/910,240,262
911,https://gateway.pinata.cloud/ipfs/QmWZZZFgcjJEN2CAoGmWcBBUu9rgYZCWX9BrWuhzUHfWaL/911,252,116
912,https://gateway.pinata.cloud/ipfs/QmWZZZFgcjJEN2CAoGmWcBBUu9rgYZCWX9BrWuhzUHfWaL/912,235,372
913,https://gateway.pinata.cloud/ipfs/QmWZZZFgcjJEN2CAoGmWcBBUu9rgYZCWX9BrWuhzUHfWaL/913,217,853
914,https://gateway.pinata.cloud/ipfs/QmWZZZFgcjJEN2CAoGmWcBBUu9rgYZCWX9BrWuhzUHfWaL/914,226,620
915,https://gateway.pinata.cloud/ipfs/QmWZZZFgcjJEN2CAoGmWcBBUu9rgYZCWX9BrWuhzUHfWaL/915,250,132
916,https://gateway.pinata.cloud/ipfs/QmWZZZFgcjJEN2CAoGmWcBBUu9rgYZCWX9BrWuhzUHfWaL/916,235,373
917,https://gateway.pinata.cloud/ipfs/QmWZZZFgcjJEN2CAoGmWcBBUu9rgYZCWX9BrWuhzUHfWaL/917,238,304
918,https://gateway.pinata.cloud/ipfs/QmWZZZFgcjJEN2CAoGmWcBBUu9rgYZCWX9BrWuhzUHfWaL/918,226,621
919,https://gateway.pinata.cloud/ipfs/QmWZZZFgcjJEN2CAoGmWcBBUu9rgYZCWX9BrWuhzUHfWaL/919,215,891
920,https://gateway.pinata.cloud/ipfs/QmWZZZFgcjJEN2CAoGmWcBBUu9rgYZCWX9BrWuhzUHfWaL/920,217,854
921,https://gateway.pinata.cloud/ipfs/QmWZZZFgcjJEN2CAoGmWcBBUu9rgYZCWX9BrWuhzUHfWaL/921,208,969
922,https://gateway.pinata.cloud/ipfs/QmWZZZFgcjJEN2CAoGmWcBBUu9rgYZCWX9BrWuhzUHfWaL/922,218,829
923,https://gateway.pinata.cloud/ipfs/QmWZZZFgcjJEN2CAoGmWcBBUu9rgYZCWX9BrWuhzUHfWaL/923,228,558
924,https://gateway.pinata.cloud/ipfs/QmWZZZFgcjJEN2CAoGmWcBBUu9rgYZCWX9BrWuhzUHfWaL/924,217,855
925,https://gateway.pinata.cloud/ipfs/QmWZZZFgcjJEN2CAoGmWcBBUu9rgYZCWX9BrWuhzUHfWaL/925,212,934
926,https://gateway.pinata.cloud/ipfs/QmWZZZFgcjJEN2CAoGmWcBBUu9rgYZCWX9BrWuhzUHfWaL/926,227,588
927,https://gateway.pinata.cloud/ipfs/QmWZZZFgcjJEN2CAoGmWcBBUu9rgYZCWX9BrWuhzUHfWaL/927,226,622
928,https://gateway.pinata.cloud/ipfs/QmWZZZFgcjJEN2CAoGmWcBBUu9rgYZCWX9BrWuhzUHfWaL/928,205,989
929,https://gateway.pinata.cloud/ipfs/QmWZZZFgcjJEN2CAoGmWcBBUu9rgYZCWX9BrWuhzUHfWaL/929,232,451
930,https://gateway.pinata.cloud/ipfs/QmWZZZFgcjJEN2CAoGmWcBBUu9rgYZCWX9BrWuhzUHfWaL/930,243,205
931,https://gateway.pinata.cloud/ipfs/QmWZZZFgcjJEN2CAoGmWcBBUu9rgYZCWX9BrWuhzUHfWaL/931,221,776
932,https://gateway.pinata.cloud/ipfs/QmWZZZFgcjJEN2CAoGmWcBBUu9rgYZCWX9BrWuhzUHfWaL/932,222,747
933,https://gateway.pinata.cloud/ipfs/QmWZZZFgcjJEN2CAoGmWcBBUu9rgYZCWX9BrWuhzUHfWaL/933,211,947
934,https://gateway.pinata.cloud/ipfs/QmWZZZFgcjJEN2CAoGmWcBBUu9rgYZCWX9BrWuhzUHfWaL/934,218,830
935,https://gateway.pinata.cloud/ipfs/QmWZZZFgcjJEN2CAoGmWcBBUu9rgYZCWX9BrWuhzUHfWaL/935,227,589
936,https://gateway.pinata.cloud/ipfs/QmWZZZFgcjJEN2CAoGmWcBBUu9rgYZCWX9BrWuhzUHfWaL/936,210,955
937,https://gateway.pinata.cloud/ipfs/QmWZZZFgcjJEN2CAoGmWcBBUu9rgYZCWX9BrWuhzUHfWaL/937,209,961
938,https://gateway.pinata.cloud/ipfs/QmWZZZFgcjJEN2CAoGmWcBBUu9rgYZCWX9BrWuhzUHfWaL/938,247,155
939,https://gateway.pinata.cloud/ipfs/QmWZZZFgcjJEN2CAoGmWcBBUu9rgYZCWX9BrWuhzUHfWaL/939,228,559
940,https://gateway.pinata.cloud/ipfs/QmWZZZFgcjJEN2CAoGmWcBBUu9rgYZCWX9BrWuhzUHfWaL/940,244,189
941,https://gateway.pinata.cloud/ipfs/QmWZZZFgcjJEN2CAoGmWcBBUu9rgYZCWX9BrWuhzUHfWaL/941,240,263
942,https://gateway.pinata.cloud/ipfs/QmWZZZFgcjJEN2CAoGmWcBBUu9rgYZCWX9BrWuhzUHfWaL/942,238,305
943,https://gateway.pinata.cloud/ipfs/QmWZZZFgcjJEN2CAoGmWcBBUu9rgYZCWX9BrWuhzUHfWaL/943,232,452
944,https://gateway.pinata.cloud/ipfs/QmWZZZFgcjJEN2CAoGmWcBBUu9rgYZCWX9BrWuhzUHfWaL/944,229,533
945,https://gateway.pinata.cloud/ipfs/QmWZZZFgcjJEN2CAoGmWcBBUu9rgYZCWX9BrWuhzUHfWaL/945,227,590
946,https://gateway.pinata.cloud/ipfs/QmWZZZFgcjJEN2CAoGmWcBBUu9rgYZCWX9BrWuhzUHfWaL/946,233,418
947,https://gateway.pinata.cloud/ipfs/QmWZZZFgcjJEN2CAoGmWcBBUu9rgYZCWX9BrWuhzUHfWaL/947,254,98
948,https://gateway.pinata.cloud/ipfs/QmWZZZFgcjJEN2CAoGmWcBBUu9rgYZCWX9BrWuhzUHfWaL/948,253,108
949,https://gateway.pinata.cloud/ipfs/QmWZZZFgcjJEN2CAoGmWcBBUu9rgYZCWX9BrWuhzUHfWaL/949,219,819
950,https://gateway.pinata.cloud/ipfs/QmWZZZFgcjJEN2CAoGmWcBBUu9rgYZCWX9BrWuhzUHfWaL/950,230,504
951,https://gateway.pinata.cloud/ipfs/QmWZZZFgcjJEN2CAoGmWcBBUu9rgYZCWX9BrWuhzUHfWaL/951,222,748
952,https://gateway.pinata.cloud/ipfs/QmWZZZFgcjJEN2CAoGmWcBBUu9rgYZCWX9BrWuhzUHfWaL/952,232,453
953,https://gateway.pinata.cloud/ipfs/QmWZZZFgcjJEN2CAoGmWcBBUu9rgYZCWX9BrWuhzUHfWaL/953,253,109
954,https://gateway.pinata.cloud/ipfs/QmWZZZFgcjJEN2CAoGmWcBBUu9rgYZCWX9BrWuhzUHfWaL/954,215,892
955,https://gateway.pinata.cloud/ipfs/QmWZZZFgcjJEN2CAoGmWcBBUu9rgYZCWX9BrWuhzUHfWaL/955,202,998
956,https://gateway.pinata.cloud/ipfs/QmWZZZFgcjJEN2CAoGmWcBBUu9rgYZCWX9BrWuhzUHfWaL/956,260,54
957,https://gateway.pinata.cloud/ipfs/QmWZZZFgcjJEN2CAoGmWcBBUu9rgYZCWX9BrWuhzUHfWaL/957,232,454
958,https://gateway.pinata.cloud/ipfs/QmWZZZFgcjJEN2CAoGmWcBBUu9rgYZCWX9BrWuhzUHfWaL/958,225,645
959,https://gateway.pinata.cloud/ipfs/QmWZZZFgcjJEN2CAoGmWcBBUu9rgYZCWX9BrWuhzUHfWaL/959,228,560
960,https://gateway.pinata.cloud/ipfs/QmWZZZFgcjJEN2CAoGmWcBBUu9rgYZCWX9BrWuhzUHfWaL/960,232,455
961,https://gateway.pinata.cloud/ipfs/QmWZZZFgcjJEN2CAoGmWcBBUu9rgYZCWX9BrWuhzUHfWaL/961,206,985
962,https://gateway.pinata.cloud/ipfs/QmWZZZFgcjJEN2CAoGmWcBBUu9rgYZCWX9BrWuhzUHfWaL/962,223,708
963,https://gateway.pinata.cloud/ipfs/QmWZZZFgcjJEN2CAoGmWcBBUu9rgYZCWX9BrWuhzUHfWaL/963,223,709
964,https://gateway.pinata.cloud/ipfs/QmWZZZFgcjJEN2CAoGmWcBBUu9rgYZCWX9BrWuhzUHfWaL/964,241,244
965,https://gateway.pinata.cloud/ipfs/QmWZZZFgcjJEN2CAoGmWcBBUu9rgYZCWX9BrWuhzUHfWaL/965,228,561
966,https://gateway.pinata.cloud/ipfs/QmWZZZFgcjJEN2CAoGmWcBBUu9rgYZCWX9BrWuhzUHfWaL/966,234,392
967,https://gateway.pinata.cloud/ipfs/QmWZZZFgcjJEN2CAoGmWcBBUu9rgYZCWX9BrWuhzUHfWaL/967,231,485
968,https://gateway.pinata.cloud/ipfs/QmWZZZFgcjJEN2CAoGmWcBBUu9rgYZCWX9BrWuhzUHfWaL/968,235,374
969,https://gateway.pinata.cloud/ipfs/QmWZZZFgcjJEN2CAoGmWcBBUu9rgYZCWX9BrWuhzUHfWaL/969,236,351
970,https://gateway.pinata.cloud/ipfs/QmWZZZFgcjJEN2CAoGmWcBBUu9rgYZCWX9BrWuhzUHfWaL/970,236,352
971,https://gateway.pinata.cloud/ipfs/QmWZZZFgcjJEN2CAoGmWcBBUu9rgYZCWX9BrWuhzUHfWaL/971,223,710
972,https://gateway.pinata.cloud/ipfs/QmWZZZFgcjJEN2CAoGmWcBBUu9rgYZCWX9BrWuhzUHfWaL/972,228,562
973,https://gateway.pinata.cloud/ipfs/QmWZZZFgcjJEN2CAoGmWcBBUu9rgYZCWX9BrWuhzUHfWaL/973,259,60
974,https://gateway.pinata.cloud/ipfs/QmWZZZFgcjJEN2CAoGmWcBBUu9rgYZCWX9BrWuhzUHfWaL/974,214,908
975,https://gateway.pinata.cloud/ipfs/QmWZZZFgcjJEN2CAoGmWcBBUu9rgYZCWX9BrWuhzUHfWaL/975,221,777
976,https://gateway.pinata.cloud/ipfs/QmWZZZFgcjJEN2CAoGmWcBBUu9rgYZCWX9BrWuhzUHfWaL/976,221,778
977,https://gateway.pinata.cloud/ipfs/QmWZZZFgcjJEN2CAoGmWcBBUu9rgYZCWX9BrWuhzUHfWaL/977,242,226
978,https://gateway.pinata.cloud/ipfs/QmWZZZFgcjJEN2CAoGmWcBBUu9rgYZCWX9BrWuhzUHfWaL/978,206,986
979,https://gateway.pinata.cloud/ipfs/QmWZZZFgcjJEN2CAoGmWcBBUu9rgYZCWX9BrWuhzUHfWaL/979,220,799
980,https://gateway.pinata.cloud/ipfs/QmWZZZFgcjJEN2CAoGmWcBBUu9rgYZCWX9BrWuhzUHfWaL/980,227,591
981,https://gateway.pinata.cloud/ipfs/QmWZZZFgcjJEN2CAoGmWcBBUu9rgYZCWX9BrWuhzUHfWaL/981,230,505
982,https://gateway.pinata.cloud/ipfs/QmWZZZFgcjJEN2CAoGmWcBBUu9rgYZCWX9BrWuhzUHfWaL/982,241,245
983,https://gateway.pinata.cloud/ipfs/QmWZZZFgcjJEN2CAoGmWcBBUu9rgYZCWX9BrWuhzUHfWaL/983,232,456
984,https://gateway.pinata.cloud/ipfs/QmWZZZFgcjJEN2CAoGmWcBBUu9rgYZCWX9BrWuhzUHfWaL/984,218,831
985,https://gateway.pinata.cloud/ipfs/QmWZZZFgcjJEN2CAoGmWcBBUu9rgYZCWX9BrWuhzUHfWaL/985,254,99
986,https://gateway.pinata.cloud/ipfs/QmWZZZFgcjJEN2CAoGmWcBBUu9rgYZCWX9BrWuhzUHfWaL/986,225,646
987,https://gateway.pinata.cloud/ipfs/QmWZZZFgcjJEN2CAoGmWcBBUu9rgYZCWX9BrWuhzUHfWaL/987,220,800
988,https://gateway.pinata.cloud/ipfs/QmWZZZFgcjJEN2CAoGmWcBBUu9rgYZCWX9BrWuhzUHfWaL/988,217,856
989,https://gateway.pinata.cloud/ipfs/QmWZZZFgcjJEN2CAoGmWcBBUu9rgYZCWX9BrWuhzUHfWaL/989,259,61
990,https://gateway.pinata.cloud/ipfs/QmWZZZFgcjJEN2CAoGmWcBBUu9rgYZCWX9BrWuhzUHfWaL/990,209,962
991,https://gateway.pinata.cloud/ipfs/QmWZZZFgcjJEN2CAoGmWcBBUu9rgYZCWX9BrWuhzUHfWaL/991,231,486
992,https://gateway.pinata.cloud/ipfs/QmWZZZFgcjJEN2CAoGmWcBBUu9rgYZCWX9BrWuhzUHfWaL/992,229,534
993,https://gateway.pinata.cloud/ipfs/QmWZZZFgcjJEN2CAoGmWcBBUu9rgYZCWX9BrWuhzUHfWaL/993,235,375
994,https://gateway.pinata.cloud/ipfs/QmWZZZFgcjJEN2CAoGmWcBBUu9rgYZCWX9BrWuhzUHfWaL/994,217,857
995,https://gateway.pinata.cloud/ipfs/QmWZZZFgcjJEN2CAoGmWcBBUu9rgYZCWX9BrWuhzUHfWaL/995,237,331
996,https://gateway.pinata.cloud/ipfs/QmWZZZFgcjJEN2CAoGmWcBBUu9rgYZCWX9BrWuhzUHfWaL/996,216,877
997,https://gateway.pinata.cloud/ipfs/QmWZZZFgcjJEN2CAoGmWcBBUu9rgYZCWX9BrWuhzUHfWaL/997,227,592
998,https://gateway.pinata.cloud/ipfs/QmWZZZFgcjJEN2CAoGmWcBBUu9rgYZCWX9BrWuhzUHfWaL/998,208,970
999,https://gateway.pinata.cloud/ipfs/QmWZZZFgcjJEN2CAoGmWcBBUu9rgYZCWX9BrWuhzUHfWaL/999,235,376
1000,https://gateway.pinata.cloud/ipfs/QmWZZZFgcjJEN2CAoGmWcBBUu9rgYZCWX9BrWuhzUHfWaL/1000,223,711